time,open,high,low,close,volume
2023-09-10T21:00:00.000Z,1.46034,1.4615,1.4556,1.45906,84623
2023-09-11T21:00:00.000Z,1.45832,1.46209,1.45117,1.45788,81865
2023-09-12T21:00:00.000Z,1.45684,1.45919,1.45204,1.45388,102112
2023-09-13T21:00:00.000Z,1.45306,1.45495,1.43582,1.43737,102373
2023-09-14T21:00:00.000Z,1.43711,1.44592,1.43656,1.44204,93161
2023-09-17T21:00:00.000Z,1.44074,1.44303,1.43689,1.44159,73904
2023-09-18T21:00:00.000Z,1.44074,1.4422,1.43035,1.43614,83206
2023-09-19T21:00:00.000Z,1.43535,1.43952,1.43431,1.43493,97695
2023-09-20T21:00:00.000Z,1.43308,1.43979,1.43271,1.43746,107664
2023-09-21T21:00:00.000Z,1.43549,1.43744,1.4285,1.43499,93747
2023-09-24T21:00:00.000Z,1.4347,1.4362,1.4249,1.42498,77707
2023-09-25T21:00:00.000Z,1.42501,1.43255,1.4239,1.42884,85234
2023-09-26T21:00:00.000Z,1.42831,1.42969,1.41741,1.41794,98180
2023-09-27T21:00:00.000Z,1.41777,1.4266,1.41571,1.42484,109030
2023-09-28T21:00:00.000Z,1.42425,1.43615,1.42196,1.43458,110089
2023-10-01T21:00:00.000Z,1.43385,1.43737,1.4326,1.43287,101419
2023-10-02T21:00:00.000Z,1.43112,1.43954,1.43112,1.43474,119243
2023-10-03T21:00:00.000Z,1.43475,1.44671,1.43373,1.44371,118521
2023-10-04T21:00:00.000Z,1.44323,1.44892,1.44251,1.44582,110483
2023-10-05T21:00:00.000Z,1.44531,1.4497,1.43775,1.44588,119591
2023-10-08T21:00:00.000Z,1.44284,1.44415,1.43484,1.43569,118146
2023-10-09T21:00:00.000Z,1.43591,1.44254,1.43428,1.44039,145083
2023-10-10T21:00:00.000Z,1.44009,1.44544,1.43962,1.44317,130947
2023-10-11T21:00:00.000Z,1.44304,1.44479,1.43766,1.44134,125701
2023-10-12T21:00:00.000Z,1.44087,1.44396,1.43297,1.43507,96532
2023-10-15T21:00:00.000Z,1.43534,1.43851,1.43345,1.43702,70725
2023-10-16T21:00:00.000Z,1.4365,1.44503,1.43518,1.44339,89225
2023-10-17T21:00:00.000Z,1.44307,1.44506,1.43882,1.44499,104127
2023-10-18T21:00:00.000Z,1.44476,1.4529,1.4441,1.45155,115561
2023-10-19T21:00:00.000Z,1.45119,1.45263,1.44651,1.45246,93751
2023-10-22T21:00:00.000Z,1.45203,1.4608,1.44982,1.46063,90398
2023-10-23T21:00:00.000Z,1.45955,1.46152,1.4531,1.45511,89167
2023-10-24T21:00:00.000Z,1.45423,1.46033,1.45386,1.45789,85519
2023-10-25T21:00:00.000Z,1.45766,1.46072,1.45383,1.46069,102158
2023-10-26T21:00:00.000Z,1.45978,1.46944,1.45568,1.46573,91158
2023-10-29T21:00:00.000Z,1.46388,1.47102,1.46152,1.46752,82538
2023-10-30T21:00:00.000Z,1.46771,1.47466,1.46623,1.4672,102540
2023-10-31T21:00:00.000Z,1.4662,1.46807,1.4599,1.46431,111154
2023-11-01T21:00:00.000Z,1.46364,1.47186,1.45858,1.45902,103662
2023-11-02T21:00:00.000Z,1.45918,1.46912,1.45816,1.46556,98921
2023-11-05T22:00:00.000Z,1.46471,1.46989,1.46446,1.46827,86079
2023-11-06T22:00:00.000Z,1.46683,1.47297,1.46683,1.47269,97179
2023-11-07T22:00:00.000Z,1.47237,1.479,1.46938,1.47686,93382
2023-11-08T22:00:00.000Z,1.47665,1.47746,1.47202,1.47296,101303
2023-11-09T22:00:00.000Z,1.47232,1.47828,1.47078,1.47431,82033
2023-11-12T22:00:00.000Z,1.47337,1.47723,1.47234,1.47716,69701
2023-11-13T22:00:00.000Z,1.47534,1.49109,1.47495,1.48952,87827
2023-11-14T22:00:00.000Z,1.48825,1.49036,1.48103,1.48418,87648
2023-11-15T22:00:00.000Z,1.48372,1.49788,1.48333,1.49269,90773
2023-11-16T22:00:00.000Z,1.49148,1.49671,1.48925,1.49669,91663
2023-11-19T22:00:00.000Z,1.49559,1.50386,1.49513,1.50156,86408
2023-11-20T22:00:00.000Z,1.50039,1.50438,1.4932,1.495,91798
2023-11-21T22:00:00.000Z,1.49457,1.49856,1.49009,1.49027,98230
2023-11-22T22:00:00.000Z,1.49012,1.49495,1.48944,1.49365,60897
2023-11-23T22:00:00.000Z,1.49213,1.49482,1.48681,1.49121,76717
2023-11-26T22:00:00.000Z,1.49178,1.4956,1.48981,1.49148,82359
2023-11-27T22:00:00.000Z,1.49168,1.49456,1.48676,1.49226,98550
2023-11-28T22:00:00.000Z,1.49104,1.49285,1.4889,1.49051,105430
2023-11-29T22:00:00.000Z,1.48957,1.49235,1.47571,1.47663,116121
2023-11-30T22:00:00.000Z,1.47576,1.47793,1.46393,1.4683,107153
2023-12-03T22:00:00.000Z,1.46892,1.47351,1.4626,1.4668,101882
2023-12-04T22:00:00.000Z,1.46549,1.4718,1.46339,1.46756,82182
2023-12-05T22:00:00.000Z,1.46666,1.46731,1.4614,1.46332,60061
2023-12-06T22:00:00.000Z,1.4624,1.47009,1.4624,1.46807,71002
2023-12-07T22:00:00.000Z,1.46722,1.468,1.458,1.46238,69506
2023-12-10T22:00:00.000Z,1.46167,1.46528,1.45655,1.46104,56976
2023-12-11T22:00:00.000Z,1.46,1.46921,1.45922,1.467,57467
2023-12-12T22:00:00.000Z,1.46661,1.47142,1.46282,1.46978,66695
2023-12-13T22:00:00.000Z,1.46957,1.47639,1.4653,1.47361,91079
2023-12-14T22:00:00.000Z,1.47358,1.47439,1.45634,1.45717,81545
2023-12-17T22:00:00.000Z,1.4569,1.46439,1.4565,1.46355,62690
2023-12-18T22:00:00.000Z,1.46261,1.46828,1.46167,1.464,64076
2023-12-19T22:00:00.000Z,1.46396,1.46463,1.45831,1.46276,66923
2023-12-20T22:00:00.000Z,1.46234,1.46683,1.45909,1.46245,72667
2023-12-21T22:00:00.000Z,1.46198,1.46482,1.45856,1.4609,73796
2023-12-25T22:00:00.000Z,1.45835,1.46227,1.45503,1.45701,36465
2023-12-26T22:00:00.000Z,1.45686,1.46859,1.45532,1.46686,43594
2023-12-27T22:00:00.000Z,1.46594,1.4717,1.46075,1.4631,54315
2023-12-28T22:00:00.000Z,1.46259,1.46897,1.45556,1.46277,52491
2024-01-01T22:00:00.000Z,1.4614,1.46318,1.45488,1.45762,71804
2024-01-02T22:00:00.000Z,1.45763,1.46114,1.45528,1.45798,79147
2024-01-03T22:00:00.000Z,1.45771,1.46434,1.45585,1.46126,70683
2024-01-04T22:00:00.000Z,1.46102,1.46447,1.45648,1.46194,72843
2024-01-07T22:00:00.000Z,1.46084,1.46881,1.46017,1.46167,57762
2024-01-08T22:00:00.000Z,1.46129,1.46772,1.46041,1.4635,57804
2024-01-09T22:00:00.000Z,1.46328,1.46806,1.46238,1.46788,51666
2024-01-10T22:00:00.000Z,1.46674,1.47192,1.46501,1.46967,75133
2024-01-11T22:00:00.000Z,1.46963,1.47007,1.46264,1.46771,66318
2024-01-14T22:00:00.000Z,1.46658,1.47244,1.46629,1.47012,45677
2024-01-15T22:00:00.000Z,1.46964,1.47264,1.46344,1.46742,85254
2024-01-16T22:00:00.000Z,1.46641,1.47163,1.46607,1.46967,71780
2024-01-17T22:00:00.000Z,1.46933,1.47085,1.46512,1.46665,71009
2024-01-18T22:00:00.000Z,1.46626,1.46867,1.46301,1.46347,65677
2024-01-21T22:00:00.000Z,1.46244,1.46734,1.46058,1.46677,53896
2024-01-22T22:00:00.000Z,1.4665,1.46929,1.45887,1.46074,56269
2024-01-23T22:00:00.000Z,1.45959,1.47221,1.45955,1.47194,70904
2024-01-24T22:00:00.000Z,1.47086,1.47348,1.46018,1.46099,72327
2024-01-25T22:00:00.000Z,1.46036,1.46298,1.45702,1.45975,55106
2024-01-28T22:00:00.000Z,1.45887,1.45948,1.4521,1.45322,50349
2024-01-29T22:00:00.000Z,1.45285,1.45692,1.44982,1.45293,57284
2024-01-30T22:00:00.000Z,1.45217,1.45724,1.44979,1.45335,86916
2024-01-31T22:00:00.000Z,1.45313,1.4558,1.45025,1.45495,80758
2024-02-01T22:00:00.000Z,1.45469,1.45701,1.45072,1.45233,68444
2024-02-04T22:00:00.000Z,1.45112,1.4546,1.44936,1.45458,66782
2024-02-05T22:00:00.000Z,1.45387,1.45477,1.44916,1.45098,68518
2024-02-06T22:00:00.000Z,1.45019,1.45244,1.44821,1.45032,69366
2024-02-07T22:00:00.000Z,1.44983,1.45193,1.44814,1.45043,70649
2024-02-08T22:00:00.000Z,1.45003,1.45343,1.44589,1.45135,60694
2024-02-11T22:00:00.000Z,1.45128,1.45339,1.44718,1.44885,51383
2024-02-12T22:00:00.000Z,1.44897,1.45524,1.44682,1.45261,71690
2024-02-13T22:00:00.000Z,1.45211,1.45488,1.4478,1.45273,65690
2024-02-14T22:00:00.000Z,1.45201,1.45606,1.45021,1.45031,65072
2024-02-15T22:00:00.000Z,1.44991,1.45405,1.44901,1.45322,66836
2024-02-18T22:00:00.000Z,1.45183,1.4545,1.45093,1.45398,39037
2024-02-19T22:00:00.000Z,1.4534,1.46472,1.45271,1.46162,65123
2024-02-20T22:00:00.000Z,1.4613,1.46239,1.45953,1.46089,95253
2024-02-21T22:00:00.000Z,1.45943,1.46394,1.45764,1.45889,128202
2024-02-22T22:00:00.000Z,1.45863,1.46262,1.45775,1.4614,133554
2024-02-25T22:00:00.000Z,1.46113,1.46778,1.45987,1.46545,84611
2024-02-26T22:00:00.000Z,1.46483,1.46895,1.46294,1.46707,119475
2024-02-27T22:00:00.000Z,1.4665,1.47191,1.46613,1.47143,115741
2024-02-28T22:00:00.000Z,1.47106,1.47476,1.46559,1.46708,145037
2024-02-29T22:00:00.000Z,1.46534,1.4703,1.46534,1.46964,121058
2024-03-03T22:00:00.000Z,1.46826,1.47464,1.46819,1.47345,76380
2024-03-04T22:00:00.000Z,1.47284,1.47621,1.47169,1.47556,116073
2024-03-05T22:00:00.000Z,1.47539,1.47795,1.47212,1.47271,130465
2024-03-06T22:00:00.000Z,1.472,1.47399,1.46573,1.47346,120990
2024-03-07T22:00:00.000Z,1.47247,1.47609,1.46803,1.47501,132280
2024-03-10T21:00:00.000Z,1.47475,1.47655,1.47266,1.47315,114817
2024-03-11T21:00:00.000Z,1.47249,1.47484,1.47172,1.47406,118993
2024-03-12T21:00:00.000Z,1.47388,1.47628,1.47247,1.47474,121302
2024-03-13T21:00:00.000Z,1.4746,1.47519,1.47145,1.47293,110206
2024-03-14T21:00:00.000Z,1.47252,1.47505,1.47102,1.47421,112864
2024-03-17T21:00:00.000Z,1.47361,1.47674,1.47085,1.4714,88729
2024-03-18T21:00:00.000Z,1.47084,1.47791,1.47074,1.47397,113555
2024-03-19T21:00:00.000Z,1.47336,1.47644,1.47119,1.47347,107090
2024-03-20T21:00:00.000Z,1.47318,1.47451,1.46851,1.46908,125698
2024-03-21T21:00:00.000Z,1.46902,1.472,1.46641,1.47058,100828
2024-03-24T21:00:00.000Z,1.46968,1.47279,1.46949,1.4722,90437
2024-03-25T21:00:00.000Z,1.47204,1.47387,1.46905,1.47123,94240
2024-03-26T21:00:00.000Z,1.47126,1.47338,1.46787,1.46902,99102
2024-03-27T21:00:00.000Z,1.46825,1.46986,1.46032,1.46052,100477
2024-03-28T21:00:00.000Z,1.45938,1.46328,1.45841,1.4612,50977
2024-03-31T21:00:00.000Z,1.45998,1.46266,1.45694,1.45766,90836
2024-04-01T21:00:00.000Z,1.45722,1.46246,1.45458,1.46076,98469
2024-04-02T21:00:00.000Z,1.46093,1.46629,1.46022,1.46568,102907
2024-04-03T21:00:00.000Z,1.46488,1.46935,1.46433,1.46772,95795
2024-04-04T21:00:00.000Z,1.46719,1.47419,1.46668,1.47264,121217
2024-04-07T21:00:00.000Z,1.47224,1.47506,1.47103,1.47359,98515
2024-04-08T21:00:00.000Z,1.47382,1.47636,1.47309,1.47342,106101
2024-04-09T21:00:00.000Z,1.47301,1.47392,1.46684,1.46959,128677
2024-04-10T21:00:00.000Z,1.46937,1.47068,1.46667,1.46809,136520
2024-04-11T21:00:00.000Z,1.46814,1.46856,1.46174,1.46531,126335
2024-04-14T21:00:00.000Z,1.46465,1.46649,1.46111,1.46472,141998
2024-04-15T21:00:00.000Z,1.46475,1.47288,1.46371,1.46856,148873
2024-04-16T21:00:00.000Z,1.46736,1.47104,1.46687,1.46991,137216
2024-04-17T21:00:00.000Z,1.46939,1.46992,1.46508,1.46523,120555
2024-04-18T21:00:00.000Z,1.46528,1.46801,1.46384,1.46515,162427
2024-04-21T21:00:00.000Z,1.46377,1.46531,1.45851,1.45942,109039
2024-04-22T21:00:00.000Z,1.45884,1.4643,1.45796,1.4621,115126
2024-04-23T21:00:00.000Z,1.46174,1.46703,1.46093,1.46601,105474
2024-04-24T21:00:00.000Z,1.46465,1.46907,1.46444,1.46529,112726
2024-04-25T21:00:00.000Z,1.46463,1.4665,1.46081,1.46159,111241
2024-04-28T21:00:00.000Z,1.46111,1.46502,1.46054,1.46428,99131
2024-04-29T21:00:00.000Z,1.46454,1.47278,1.46355,1.46904,98913
2024-04-30T21:00:00.000Z,1.46812,1.47271,1.46744,1.47201,100316
2024-05-01T21:00:00.000Z,1.47072,1.47247,1.46417,1.46644,105809
2024-05-02T21:00:00.000Z,1.46586,1.47452,1.4658,1.47297,106172
2024-05-05T21:00:00.000Z,1.47191,1.47404,1.4712,1.47152,66882
2024-05-06T21:00:00.000Z,1.47047,1.47741,1.47046,1.47611,78338
2024-05-07T21:00:00.000Z,1.47507,1.47869,1.47445,1.47505,76821
2024-05-08T21:00:00.000Z,1.47407,1.47619,1.47203,1.47453,78531
2024-05-09T21:00:00.000Z,1.47417,1.47574,1.46889,1.47234,86507
2024-05-12T21:00:00.000Z,1.47182,1.4773,1.47131,1.47459,78872
2024-05-13T21:00:00.000Z,1.47433,1.47826,1.47366,1.47677,90133
2024-05-14T21:00:00.000Z,1.47608,1.48145,1.47518,1.48042,94389
2024-05-15T21:00:00.000Z,1.48028,1.48211,1.47914,1.47981,88270
2024-05-16T21:00:00.000Z,1.47868,1.48098,1.47711,1.47947,78622
2024-05-19T21:00:00.000Z,1.47921,1.48118,1.47751,1.47918,69836
2024-05-20T21:00:00.000Z,1.47887,1.4834,1.47884,1.48203,90691
2024-05-21T21:00:00.000Z,1.48159,1.48294,1.47909,1.48182,100369
2024-05-22T21:00:00.000Z,1.48138,1.48494,1.47908,1.48474,111537
2024-05-23T21:00:00.000Z,1.48431,1.48825,1.48111,1.48219,92489
2024-05-26T21:00:00.000Z,1.48201,1.48372,1.47914,1.48034,54976
2024-05-27T21:00:00.000Z,1.47973,1.48345,1.47917,1.48145,97784
2024-05-28T21:00:00.000Z,1.48105,1.48458,1.4791,1.48169,108535
2024-05-29T21:00:00.000Z,1.48145,1.48402,1.48073,1.48166,109048
2024-05-30T21:00:00.000Z,1.48127,1.48383,1.47741,1.47829,120639
2024-06-02T21:00:00.000Z,1.47789,1.48713,1.47693,1.48585,115062
2024-06-03T21:00:00.000Z,1.4856,1.48959,1.48501,1.48773,126046
2024-06-04T21:00:00.000Z,1.48773,1.49284,1.48558,1.48836,102330
2024-06-05T21:00:00.000Z,1.4884,1.49228,1.48756,1.48892,101810
2024-06-06T21:00:00.000Z,1.48836,1.49074,1.48434,1.48685,120374
2024-06-09T21:00:00.000Z,1.48173,1.48382,1.47809,1.48088,111034
2024-06-10T21:00:00.000Z,1.48063,1.48254,1.47625,1.47754,113241
2024-06-11T21:00:00.000Z,1.47738,1.48601,1.47628,1.48327,85964
2024-06-12T21:00:00.000Z,1.48273,1.48606,1.47507,1.47521,72955
2024-06-13T21:00:00.000Z,1.47528,1.47647,1.46879,1.47022,80125
2024-06-16T21:00:00.000Z,1.46981,1.47495,1.46903,1.47306,68571
2024-06-17T21:00:00.000Z,1.47281,1.47541,1.47172,1.47311,67886
2024-06-18T21:00:00.000Z,1.47277,1.47424,1.47169,1.47257,45130
2024-06-19T21:00:00.000Z,1.47228,1.47376,1.46453,1.46499,64786
2024-06-20T21:00:00.000Z,1.46464,1.46639,1.46127,1.46408,66278
2024-06-23T21:00:00.000Z,1.46349,1.46951,1.46313,1.46623,71507
2024-06-24T21:00:00.000Z,1.46529,1.46593,1.45855,1.46319,74965
2024-06-25T21:00:00.000Z,1.4619,1.46414,1.46021,1.46303,82479
2024-06-26T21:00:00.000Z,1.46291,1.4681,1.46189,1.46612,101106
2024-06-27T21:00:00.000Z,1.46627,1.46805,1.46311,1.46513,124272
2024-06-30T21:00:00.000Z,1.46819,1.47555,1.46686,1.47518,113801
2024-07-01T21:00:00.000Z,1.47453,1.47628,1.46852,1.46976,105362
2024-07-02T21:00:00.000Z,1.46927,1.47351,1.46903,1.47129,95388
2024-07-03T21:00:00.000Z,1.46968,1.47209,1.46947,1.47156,60503
2024-07-04T21:00:00.000Z,1.47152,1.47858,1.47071,1.47852,99198
2024-07-07T21:00:00.000Z,1.47392,1.47862,1.47384,1.47569,98421
2024-07-08T21:00:00.000Z,1.47534,1.47693,1.47333,1.47445,97323
2024-07-09T21:00:00.000Z,1.47443,1.47611,1.47269,1.47507,86370
2024-07-10T21:00:00.000Z,1.47413,1.48253,1.47397,1.48126,113807
2024-07-11T21:00:00.000Z,1.48084,1.48725,1.48003,1.48671,114566
2024-07-14T21:00:00.000Z,1.48481,1.49149,1.48405,1.49061,114249
2024-07-15T21:00:00.000Z,1.49007,1.49224,1.48801,1.49034,106623
2024-07-16T21:00:00.000Z,1.49002,1.49746,1.48989,1.49696,122464
2024-07-17T21:00:00.000Z,1.49658,1.49685,1.49263,1.49316,124687
2024-07-18T21:00:00.000Z,1.49298,1.49666,1.49184,1.49431,120634
2024-07-21T21:00:00.000Z,1.49267,1.49861,1.49263,1.49816,112626
2024-07-22T21:00:00.000Z,1.4975,1.49947,1.49314,1.4964,105125
2024-07-23T21:00:00.000Z,1.49571,1.49974,1.49329,1.49661,120271
2024-07-24T21:00:00.000Z,1.49625,1.50238,1.49598,1.49914,150018
2024-07-25T21:00:00.000Z,1.49878,1.50345,1.49761,1.5015,111502
2024-07-28T21:00:00.000Z,1.50147,1.50212,1.49603,1.49895,110247
2024-07-29T21:00:00.000Z,1.49817,1.5002,1.49516,1.49778,115124
2024-07-30T21:00:00.000Z,1.49747,1.49957,1.4919,1.49442,147085
2024-07-31T21:00:00.000Z,1.49356,1.49784,1.48945,1.49698,149579
2024-08-01T21:00:00.000Z,1.49654,1.51396,1.49558,1.51377,172593
2024-08-04T21:00:00.000Z,1.51388,1.52272,1.51263,1.51441,239012
2024-08-05T21:00:00.000Z,1.51269,1.51444,1.50346,1.50653,205121
2024-08-06T21:00:00.000Z,1.50591,1.50672,1.49936,1.50264,168296
2024-08-07T21:00:00.000Z,1.50208,1.504,1.49691,1.49932,153799
2024-08-08T21:00:00.000Z,1.49833,1.50089,1.4983,1.4985,124930
2024-08-11T21:00:00.000Z,1.49803,1.50294,1.49782,1.50202,100748
2024-08-12T21:00:00.000Z,1.50186,1.50818,1.4992,1.50672,111731
2024-08-13T21:00:00.000Z,1.50504,1.51375,1.50469,1.51029,116237
2024-08-14T21:00:00.000Z,1.50971,1.51064,1.50292,1.50622,103665
2024-08-15T21:00:00.000Z,1.50559,1.50985,1.50559,1.50852,95443
2024-08-18T21:00:00.000Z,1.50798,1.51201,1.50705,1.51116,103145
2024-08-19T21:00:00.000Z,1.51045,1.51583,1.50764,1.51565,115769
2024-08-20T21:00:00.000Z,1.51499,1.51763,1.5099,1.51594,113961
2024-08-21T21:00:00.000Z,1.51447,1.51588,1.5101,1.51236,102426
2024-08-22T21:00:00.000Z,1.51236,1.51302,1.50793,1.51195,108751
2024-08-25T21:00:00.000Z,1.51027,1.51233,1.50393,1.50525,103471
2024-08-26T21:00:00.000Z,1.50371,1.50595,1.50168,1.50353,99862
2024-08-27T21:00:00.000Z,1.50233,1.50409,1.49625,1.49869,115255
2024-08-28T21:00:00.000Z,1.49815,1.49936,1.49046,1.49378,116357
2024-08-29T21:00:00.000Z,1.49313,1.4949,1.48887,1.49064,114376
2024-09-01T21:00:00.000Z,1.48936,1.49467,1.48933,1.49396,64446
2024-09-02T21:00:00.000Z,1.49287,1.4993,1.49164,1.4965,116988
2024-09-03T21:00:00.000Z,1.49553,1.49919,1.49452,1.49676,118457
2024-09-04T21:00:00.000Z,1.49659,1.5026,1.49601,1.5,115356
2024-09-05T21:00:00.000Z,1.49992,1.50559,1.4942,1.50445,134090
2024-09-08T21:00:00.000Z,1.50271,1.50463,1.49594,1.49615,110706
2024-09-09T21:00:00.000Z,1.4958,1.50089,1.49535,1.49957,104991
2024-09-10T21:00:00.000Z,1.49964,1.50253,1.49455,1.49487,125743
2024-09-11T21:00:00.000Z,1.49432,1.50371,1.49361,1.50351,114920
2024-09-12T21:00:00.000Z,1.50329,1.50732,1.50327,1.50482,109229
2024-09-15T21:00:00.000Z,1.50504,1.5132,1.50462,1.51243,104811
2024-09-16T21:00:00.000Z,1.51162,1.51582,1.51027,1.51109,111508
2024-09-17T21:00:00.000Z,1.51062,1.51591,1.51033,1.5126,128424
2024-09-18T21:00:00.000Z,1.51116,1.51391,1.50942,1.51335,153303
2024-09-19T21:00:00.000Z,1.51216,1.51625,1.51216,1.51439,129695
2024-09-22T21:00:00.000Z,1.51281,1.51452,1.50039,1.50449,116860
2024-09-23T21:00:00.000Z,1.5038,1.50583,1.50027,1.50163,117039
2024-09-24T21:00:00.000Z,1.50138,1.50683,1.49922,1.5011,118357
2024-09-25T21:00:00.000Z,1.50034,1.50669,1.49901,1.50495,131336
2024-09-26T21:00:00.000Z,1.50486,1.5098,1.5007,1.50855,143312
2024-09-29T21:00:00.000Z,1.50653,1.5151,1.50415,1.50594,132995
2024-09-30T21:00:00.000Z,1.50399,1.50714,1.49194,1.493,142245
2024-10-01T21:00:00.000Z,1.49273,1.49399,1.4874,1.49168,120267
2024-10-02T21:00:00.000Z,1.49009,1.49522,1.49002,1.49508,129944
2024-10-03T21:00:00.000Z,1.49443,1.4968,1.48737,1.49003,119397
2024-10-06T21:00:00.000Z,1.48795,1.49595,1.48733,1.49455,118357
2024-10-07T21:00:00.000Z,1.49425,1.50002,1.49389,1.49833,119611
2024-10-08T21:00:00.000Z,1.49698,1.50042,1.49653,1.49997,106004
2024-10-09T21:00:00.000Z,1.4978,1.50588,1.49729,1.50278,116769
2024-10-10T21:00:00.000Z,1.50206,1.50814,1.50156,1.50507,87167
2024-10-13T21:00:00.000Z,1.50347,1.50795,1.5029,1.50487,87364
2024-10-14T21:00:00.000Z,1.50275,1.50955,1.49967,1.49993,101373
2024-10-15T21:00:00.000Z,1.50002,1.50227,1.49283,1.4935,98171
2024-10-16T21:00:00.000Z,1.49307,1.49838,1.49011,1.49387,106418
2024-10-17T21:00:00.000Z,1.49275,1.50068,1.49266,1.50003,99918
2024-10-20T21:00:00.000Z,1.4985,1.50077,1.49539,1.49546,98821
2024-10-21T21:00:00.000Z,1.49546,1.49853,1.49157,1.49179,103374
2024-10-22T21:00:00.000Z,1.49138,1.49363,1.48913,1.49204,112970
2024-10-23T21:00:00.000Z,1.49179,1.50022,1.48862,1.49995,110222
2024-10-24T21:00:00.000Z,1.49925,1.50236,1.49783,1.49977,99377
2024-10-27T21:00:00.000Z,1.49797,1.50439,1.49776,1.50165,98213
2024-10-28T21:00:00.000Z,1.50134,1.5055,1.49715,1.50542,112448
2024-10-29T21:00:00.000Z,1.50393,1.51181,1.50345,1.50926,120111
2024-10-30T21:00:00.000Z,1.50922,1.5165,1.50885,1.51613,128158
2024-10-31T21:00:00.000Z,1.51604,1.51675,1.50993,1.51159,115826
2024-11-03T22:00:00.000Z,1.51473,1.51699,1.51146,1.51215,122463
2024-11-04T22:00:00.000Z,1.51187,1.51398,1.50969,1.51105,95528
2024-11-05T22:00:00.000Z,1.50975,1.51256,1.48611,1.49548,220141
2024-11-06T22:00:00.000Z,1.49509,1.49997,1.49146,1.49703,140625
2024-11-07T22:00:00.000Z,1.49661,1.49911,1.48816,1.49095,125829
2024-11-10T22:00:00.000Z,1.48921,1.49265,1.48149,1.48369,103612
2024-11-11T22:00:00.000Z,1.48225,1.48443,1.47785,1.48115,125183
2024-11-12T22:00:00.000Z,1.47994,1.48449,1.47609,1.47853,128980
2024-11-13T22:00:00.000Z,1.47784,1.48352,1.4711,1.47981,138031
2024-11-14T22:00:00.000Z,1.47907,1.48669,1.47898,1.48442,136269
2024-11-17T22:00:00.000Z,1.48324,1.48898,1.48309,1.48553,116809
2024-11-18T22:00:00.000Z,1.48502,1.48567,1.4766,1.47873,132976
2024-11-19T22:00:00.000Z,1.47797,1.48033,1.47177,1.47342,112028
2024-11-20T22:00:00.000Z,1.47289,1.47415,1.46105,1.46314,123028
2024-11-21T22:00:00.000Z,1.46261,1.46555,1.44872,1.45635,134934
2024-11-24T22:00:00.000Z,1.46084,1.47055,1.4593,1.46777,135998
2024-11-25T22:00:00.000Z,1.46622,1.48478,1.46622,1.47413,154158
2024-11-26T22:00:00.000Z,1.47307,1.4859,1.47307,1.48232,134253
2024-11-27T22:00:00.000Z,1.48107,1.48235,1.47496,1.47884,87908
2024-11-28T22:00:00.000Z,1.47753,1.48247,1.47688,1.48091,147341
2024-12-01T22:00:00.000Z,1.47818,1.47909,1.47226,1.47401,148826
2024-12-02T22:00:00.000Z,1.4738,1.48019,1.47228,1.47824,107118
2024-12-03T22:00:00.000Z,1.477,1.48312,1.47372,1.47858,108721
2024-12-04T22:00:00.000Z,1.47796,1.48584,1.4778,1.48386,94784
2024-12-05T22:00:00.000Z,1.48358,1.49572,1.48326,1.49553,103841
2024-12-08T22:00:00.000Z,1.49424,1.49668,1.48988,1.49512,91211
2024-12-09T22:00:00.000Z,1.49521,1.49737,1.48733,1.49242,102002
2024-12-10T22:00:00.000Z,1.49185,1.49418,1.48203,1.48596,122710
2024-12-11T22:00:00.000Z,1.48491,1.49102,1.48349,1.48828,126785
2024-12-12T22:00:00.000Z,1.48762,1.49636,1.48742,1.49502,114592
2024-12-15T22:00:00.000Z,1.49211,1.49749,1.49207,1.49735,106562
2024-12-16T22:00:00.000Z,1.49622,1.50477,1.49581,1.50115,113473
2024-12-17T22:00:00.000Z,1.50113,1.50594,1.49296,1.49512,122666
2024-12-18T22:00:00.000Z,1.49504,1.50182,1.48753,1.4919,156077
2024-12-19T22:00:00.000Z,1.49123,1.49968,1.49095,1.49847,137489
2024-12-22T22:00:00.000Z,1.49786,1.50119,1.49407,1.49531,98390
2024-12-23T22:00:00.000Z,1.49445,1.49943,1.49106,1.49193,70851
2024-12-25T22:00:00.000Z,1.49271,1.50239,1.49204,1.50126,70687
2024-12-26T22:00:00.000Z,1.50007,1.50502,1.49857,1.50243,91298
2024-12-29T22:00:00.000Z,1.50292,1.5038,1.49107,1.49286,100367
2024-12-30T22:00:00.000Z,1.49255,1.49794,1.48809,1.48898,105282
2025-01-01T22:00:00.000Z,1.48857,1.49364,1.47598,1.47865,125517
2025-01-02T22:00:00.000Z,1.47655,1.48943,1.47653,1.48914,108556
2025-01-05T22:00:00.000Z,1.48743,1.49404,1.48322,1.48887,143016
2025-01-06T22:00:00.000Z,1.48731,1.49254,1.48426,1.48509,114478
2025-01-07T22:00:00.000Z,1.48471,1.486,1.47917,1.48248,105732
2025-01-08T22:00:00.000Z,1.48256,1.48468,1.48024,1.48211,78130
2025-01-09T22:00:00.000Z,1.48239,1.48565,1.47435,1.47715,103196
2025-01-12T22:00:00.000Z,1.47573,1.47812,1.46836,1.4715,102303
2025-01-13T22:00:00.000Z,1.47236,1.48019,1.47151,1.47844,106573
2025-01-14T22:00:00.000Z,1.47799,1.4816,1.47275,1.47498,90595
2025-01-15T22:00:00.000Z,1.47353,1.48334,1.47328,1.48216,97222
2025-01-16T22:00:00.000Z,1.4808,1.4875,1.48067,1.487,90300
2025-01-19T22:00:00.000Z,1.48585,1.49343,1.48565,1.49008,93390
2025-01-20T22:00:00.000Z,1.48903,1.50498,1.48903,1.49248,123346
2025-01-21T22:00:00.000Z,1.4925,1.49953,1.49104,1.49648,98058
2025-01-22T22:00:00.000Z,1.49504,1.50035,1.49355,1.49733,98351
2025-01-23T22:00:00.000Z,1.49739,1.5077,1.49659,1.50528,104282
2025-01-26T22:00:00.000Z,1.50493,1.51292,1.50376,1.50741,118106
2025-01-27T22:00:00.000Z,1.50739,1.50804,1.499,1.50163,104620
2025-01-28T22:00:00.000Z,1.50056,1.50608,1.49954,1.50258,104909
2025-01-29T22:00:00.000Z,1.50118,1.51713,1.49709,1.50548,100199
2025-01-30T22:00:00.000Z,1.50525,1.50896,1.49808,1.50597,127281
2025-02-02T22:00:00.000Z,1.50736,1.51218,1.48834,1.49019,170077
2025-02-03T22:00:00.000Z,1.48947,1.49444,1.48473,1.48658,118455
2025-02-04T22:00:00.000Z,1.48589,1.49061,1.48514,1.48876,100494
2025-02-05T22:00:00.000Z,1.48897,1.49108,1.4834,1.48529,88777
2025-02-06T22:00:00.000Z,1.48523,1.48844,1.47422,1.47601,99622
2025-02-09T22:00:00.000Z,1.476,1.48152,1.47444,1.47538,84919
2025-02-10T22:00:00.000Z,1.47525,1.48239,1.47514,1.48021,80692
2025-02-11T22:00:00.000Z,1.47977,1.48734,1.47854,1.48494,99957
2025-02-12T22:00:00.000Z,1.48485,1.4898,1.47913,1.48459,107049
2025-02-13T22:00:00.000Z,1.48482,1.48916,1.482,1.48691,90798
2025-02-16T22:00:00.000Z,1.48487,1.48851,1.48468,1.48683,67063
2025-02-17T22:00:00.000Z,1.48473,1.48788,1.48062,1.48239,79981
2025-02-18T22:00:00.000Z,1.48196,1.48416,1.48003,1.48365,84121
2025-02-19T22:00:00.000Z,1.4827,1.4887,1.48233,1.48849,90450
2025-02-20T22:00:00.000Z,1.4875,1.4896,1.48373,1.48818,95616
2025-02-23T22:00:00.000Z,1.48791,1.49372,1.48691,1.49238,102964
2025-02-24T22:00:00.000Z,1.49181,1.50532,1.49159,1.50486,102050
2025-02-25T22:00:00.000Z,1.50436,1.50945,1.50087,1.5032,101833
2025-02-26T22:00:00.000Z,1.50246,1.50646,1.50029,1.50121,102187
2025-02-27T22:00:00.000Z,1.501,1.50429,1.49739,1.50044,110021
2025-03-02T22:00:00.000Z,1.50256,1.52306,1.50032,1.51906,114350
2025-03-03T22:00:00.000Z,1.51831,1.53743,1.51531,1.52987,145612
2025-03-04T22:00:00.000Z,1.52791,1.55386,1.52757,1.54635,144438
2025-03-05T22:00:00.000Z,1.54647,1.55674,1.54017,1.54174,138695
2025-03-06T22:00:00.000Z,1.54082,1.56529,1.5401,1.55764,124095
2025-03-09T21:00:00.000Z,1.55467,1.56651,1.55249,1.56419,120859
2025-03-10T21:00:00.000Z,1.5636,1.58568,1.56334,1.57557,131717
2025-03-11T21:00:00.000Z,1.5757,1.57798,1.56208,1.56384,109609
2025-03-12T21:00:00.000Z,1.56402,1.56965,1.5574,1.56665,112605
2025-03-13T21:00:00.000Z,1.56612,1.57382,1.56153,1.56236,106357
2025-03-16T21:00:00.000Z,1.56297,1.56613,1.55829,1.56087,88890
2025-03-17T21:00:00.000Z,1.56022,1.56725,1.55613,1.56488,85866
2025-03-18T21:00:00.000Z,1.56414,1.56544,1.55644,1.5622,90015
2025-03-19T21:00:00.000Z,1.56119,1.5638,1.55237,1.55453,89277
2025-03-20T21:00:00.000Z,1.5531,1.55691,1.54985,1.55159,84536
2025-03-23T21:00:00.000Z,1.55169,1.55545,1.54192,1.54631,87163
2025-03-24T21:00:00.000Z,1.54617,1.54806,1.54007,1.54055,79331
2025-03-25T21:00:00.000Z,1.54031,1.54136,1.5338,1.5342,86068
2025-03-26T21:00:00.000Z,1.53386,1.54732,1.53238,1.54494,92718
2025-03-27T21:00:00.000Z,1.54331,1.5514,1.54105,1.55038,80964
2025-03-30T21:00:00.000Z,1.54799,1.55657,1.54632,1.55604,97972
2025-03-31T21:00:00.000Z,1.55584,1.55859,1.54308,1.54346,92165
2025-04-01T21:00:00.000Z,1.54217,1.55832,1.54217,1.5499,90585
2025-04-02T21:00:00.000Z,1.54253,1.57306,1.53785,1.5567,168333
2025-04-03T21:00:00.000Z,1.55631,1.574,1.55251,1.55855,186185
2025-04-06T21:00:00.000Z,1.54981,1.57307,1.54887,1.55326,228341
2025-04-07T21:00:00.000Z,1.55233,1.56329,1.543,1.56286,171085
2025-04-08T21:00:00.000Z,1.56139,1.57452,1.54058,1.54251,209977
2025-04-09T21:00:00.000Z,1.54123,1.57165,1.54116,1.56559,184092
2025-04-10T21:00:00.000Z,1.56395,1.59318,1.56316,1.57368,206022
2025-04-13T21:00:00.000Z,1.56771,1.58162,1.56732,1.57507,141653
2025-04-14T21:00:00.000Z,1.57299,1.5777,1.5672,1.57477,112836
2025-04-15T21:00:00.000Z,1.57301,1.58518,1.57301,1.57912,123571
2025-04-16T21:00:00.000Z,1.57861,1.58068,1.56942,1.57227,106671
2025-04-17T21:00:00.000Z,1.57213,1.57987,1.57123,1.57692,175071
2025-04-20T21:00:00.000Z,1.57743,1.59598,1.57562,1.59278,107351
2025-04-21T21:00:00.000Z,1.59237,1.59457,1.57682,1.57703,112343
2025-04-22T21:00:00.000Z,1.57721,1.57928,1.56665,1.56985,130202
2025-04-23T21:00:00.000Z,1.56973,1.57986,1.56962,1.5775,99690
2025-04-24T21:00:00.000Z,1.57625,1.57875,1.57003,1.5737,92673
2025-04-27T21:00:00.000Z,1.57441,1.58181,1.57203,1.57972,88974
2025-04-28T21:00:00.000Z,1.57848,1.58095,1.57366,1.57469,93250
2025-04-29T21:00:00.000Z,1.57355,1.57544,1.56033,1.56164,97693
2025-04-30T21:00:00.000Z,1.56185,1.56581,1.55756,1.56376,85623
2025-05-01T21:00:00.000Z,1.56287,1.56903,1.5595,1.56101,99793
2025-05-04T21:00:00.000Z,1.55905,1.5692,1.55844,1.56376,83970
2025-05-05T21:00:00.000Z,1.56304,1.5673,1.56051,1.56638,89310
2025-05-06T21:00:00.000Z,1.56469,1.5685,1.55981,1.56352,104387
2025-05-07T21:00:00.000Z,1.56376,1.57102,1.56124,1.56293,98579
2025-05-08T21:00:00.000Z,1.56151,1.57248,1.56075,1.56755,79454
2025-05-11T21:00:00.000Z,1.55607,1.56636,1.54831,1.54929,108342
2025-05-12T21:00:00.000Z,1.54923,1.56151,1.54893,1.55886,89780
2025-05-13T21:00:00.000Z,1.55839,1.5674,1.55713,1.5622,95895
2025-05-14T21:00:00.000Z,1.56121,1.56932,1.56003,1.56124,83365
2025-05-15T21:00:00.000Z,1.56047,1.56469,1.55655,1.55825,74299
2025-05-18T21:00:00.000Z,1.56021,1.57416,1.55939,1.56851,84097
2025-05-19T21:00:00.000Z,1.56579,1.57146,1.56375,1.57009,84178
2025-05-20T21:00:00.000Z,1.56941,1.57599,1.5667,1.57037,92168
2025-05-21T21:00:00.000Z,1.56809,1.57126,1.56086,1.56267,93899
2025-05-22T21:00:00.000Z,1.56182,1.57044,1.55777,1.56018,88923
2025-05-25T21:00:00.000Z,1.55901,1.56453,1.55856,1.56393,59866
2025-05-26T21:00:00.000Z,1.56267,1.56752,1.55933,1.5642,80716
2025-05-27T21:00:00.000Z,1.56353,1.56713,1.55915,1.56244,81779
2025-05-28T21:00:00.000Z,1.56149,1.57096,1.55351,1.56963,96632
2025-05-29T21:00:00.000Z,1.56867,1.57217,1.55753,1.55875,89666
2025-06-01T21:00:00.000Z,1.55845,1.56909,1.55793,1.56875,85293
2025-06-02T21:00:00.000Z,1.56751,1.57073,1.55945,1.56013,74334
2025-06-03T21:00:00.000Z,1.55906,1.56402,1.55886,1.56148,79389
2025-06-04T21:00:00.000Z,1.56033,1.56812,1.55878,1.56449,87814
2025-06-05T21:00:00.000Z,1.56486,1.56551,1.55732,1.56062,78456
2025-06-08T21:00:00.000Z,1.56053,1.56422,1.55863,1.5642,61848
2025-06-09T21:00:00.000Z,1.56283,1.56668,1.56091,1.56182,73450
2025-06-10T21:00:00.000Z,1.56091,1.57109,1.56,1.57027,79845
2025-06-11T21:00:00.000Z,1.56929,1.58439,1.56929,1.57588,86799
2025-06-12T21:00:00.000Z,1.57512,1.57886,1.56695,1.56839,106725
2025-06-15T21:00:00.000Z,1.56623,1.57325,1.56571,1.56859,92514
2025-06-16T21:00:00.000Z,1.56775,1.57143,1.56445,1.56994,88453
2025-06-17T21:00:00.000Z,1.56879,1.57758,1.56795,1.57168,93099
2025-06-18T21:00:00.000Z,1.57003,1.57644,1.56994,1.57487,71556
2025-06-19T21:00:00.000Z,1.57412,1.58493,1.57385,1.5817,78072
2025-06-22T21:00:00.000Z,1.57555,1.59144,1.57485,1.59019,107911
2025-06-23T21:00:00.000Z,1.58935,1.59509,1.58743,1.59327,93999
2025-06-24T21:00:00.000Z,1.59143,1.60084,1.59111,1.59972,74223
2025-06-25T21:00:00.000Z,1.59839,1.60637,1.59373,1.59554,88414
2025-06-26T21:00:00.000Z,1.59585,1.60913,1.59373,1.60367,85794
2025-06-29T21:00:00.000Z,1.60363,1.60601,1.59976,1.60303,86790
2025-06-30T21:00:00.000Z,1.6028,1.61082,1.60143,1.61072,79922
2025-07-01T21:00:00.000Z,1.60962,1.61076,1.602,1.60273,74525
2025-07-02T21:00:00.000Z,1.60273,1.60489,1.59284,1.59681,71564
2025-07-03T21:00:00.000Z,1.59667,1.60346,1.5956,1.60083,75117
2025-07-06T21:00:00.000Z,1.60183,1.60526,1.59783,1.60156,78378
2025-07-07T21:00:00.000Z,1.60102,1.60489,1.5989,1.60206,79846
2025-07-08T21:00:00.000Z,1.60058,1.60475,1.59995,1.60432,69388
2025-07-09T21:00:00.000Z,1.60283,1.60709,1.59693,1.59728,62644
2025-07-10T21:00:00.000Z,1.59689,1.60312,1.59532,1.60038,80335
2025-07-13T21:00:00.000Z,1.59793,1.60077,1.59627,1.59843,68378
2025-07-14T21:00:00.000Z,1.59704,1.60121,1.5903,1.59158,72025
2025-07-15T21:00:00.000Z,1.59084,1.60382,1.58964,1.59301,84067
2025-07-16T21:00:00.000Z,1.59209,1.59526,1.58882,1.59441,70026
2025-07-17T21:00:00.000Z,1.59381,1.59945,1.59325,1.59537,64204
2025-07-20T21:00:00.000Z,1.59373,1.60289,1.59345,1.59985,64787
2025-07-21T21:00:00.000Z,1.59897,1.6013,1.59722,1.59842,61516
2025-07-22T21:00:00.000Z,1.59838,1.60175,1.59192,1.60053,73082
2025-07-23T21:00:00.000Z,1.59922,1.60584,1.59749,1.6035,72293
2025-07-24T21:00:00.000Z,1.60093,1.61027,1.60093,1.60816,77515
2025-07-27T21:00:00.000Z,1.61045,1.61186,1.59069,1.59189,82400
2025-07-28T21:00:00.000Z,1.59146,1.59313,1.5852,1.58992,78642
2025-07-29T21:00:00.000Z,1.58945,1.59238,1.57744,1.57773,85977
2025-07-30T21:00:00.000Z,1.57659,1.58487,1.57587,1.58093,88093
2025-07-31T21:00:00.000Z,1.58063,1.59834,1.57986,1.59734,107146
2025-08-03T21:00:00.000Z,1.59547,1.59782,1.59167,1.5946,87582
2025-08-04T21:00:00.000Z,1.59318,1.59625,1.58978,1.594,76538
2025-08-05T21:00:00.000Z,1.59357,1.60309,1.59296,1.60126,72548
2025-08-06T21:00:00.000Z,1.60062,1.60532,1.59789,1.60306,80795
2025-08-07T21:00:00.000Z,1.60261,1.60443,1.59683,1.60096,71481
2025-08-10T21:00:00.000Z,1.60073,1.60516,1.59842,1.60053,62875
2025-08-11T21:00:00.000Z,1.59982,1.60876,1.59953,1.60764,100028
2025-08-12T21:00:00.000Z,1.60733,1.61338,1.60622,1.61064,78470
2025-08-13T21:00:00.000Z,1.60957,1.61121,1.60649,1.60928,92833
2025-08-14T21:00:00.000Z,1.60895,1.61722,1.60868,1.6169,72956
2025-08-17T21:00:00.000Z,1.61696,1.61804,1.60886,1.60913,73726
2025-08-18T21:00:00.000Z,1.60873,1.61736,1.60799,1.61517,76898
2025-08-19T21:00:00.000Z,1.614,1.61832,1.6122,1.6165,86125
2025-08-20T21:00:00.000Z,1.61549,1.6184,1.61243,1.61429,80860
2025-08-21T21:00:00.000Z,1.61371,1.6225,1.61152,1.62021,90250
2025-08-24T21:00:00.000Z,1.61929,1.62098,1.60813,1.61049,72041
2025-08-25T21:00:00.000Z,1.60961,1.61437,1.60856,1.61086,91718
2025-08-26T21:00:00.000Z,1.61061,1.61156,1.60273,1.60461,80569
2025-08-27T21:00:00.000Z,1.60379,1.60821,1.60264,1.60548,81766
2025-08-28T21:00:00.000Z,1.60546,1.60769,1.60274,1.60536,81995
2025-08-31T21:00:00.000Z,1.60485,1.61245,1.60481,1.61016,62511
2025-09-01T21:00:00.000Z,1.60911,1.6108,1.6013,1.60461,105174
2025-09-02T21:00:00.000Z,1.60348,1.61037,1.60241,1.60826,86888
2025-09-03T21:00:00.000Z,1.60752,1.6113,1.60721,1.60953,78753
2025-09-04T21:00:00.000Z,1.60904,1.62567,1.60829,1.62028,91219
2025-09-07T21:00:00.000Z,1.61983,1.62478,1.61789,1.62334,67759
2025-09-08T21:00:00.000Z,1.62287,1.62577,1.62043,1.62084,69921
2025-09-09T21:00:00.000Z,1.62002,1.62436,1.61908,1.62116,70200
2025-09-10T21:00:00.000Z,1.62057,1.62683,1.61848,1.62304,75298
2025-09-11T21:00:00.000Z,1.6225,1.62519,1.62073,1.62402,61451
2025-09-14T21:00:00.000Z,1.62313,1.62752,1.61969,1.62001,55286
2025-09-15T21:00:00.000Z,1.61936,1.63177,1.6193,1.6298,71110
2025-09-16T21:00:00.000Z,1.62863,1.63594,1.62621,1.62669,74822
2025-09-17T21:00:00.000Z,1.62629,1.63127,1.62204,1.62584,79705
2025-09-18T21:00:00.000Z,1.62451,1.62633,1.61692,1.61824,71337
2025-09-21T21:00:00.000Z,1.61761,1.63191,1.61694,1.63119,58820
2025-09-22T21:00:00.000Z,1.62855,1.63584,1.62847,1.63443,64956
2025-09-23T21:00:00.000Z,1.63389,1.63502,1.62801,1.63091,68510
2025-09-24T21:00:00.000Z,1.63016,1.63291,1.62389,1.62593,70504
2025-09-25T21:00:00.000Z,1.62379,1.63181,1.62323,1.63112,67241
2025-09-28T21:00:00.000Z,1.62966,1.63714,1.62946,1.63173,58022
2025-09-29T21:00:00.000Z,1.63082,1.63706,1.63036,1.63332,62397
2025-09-30T21:00:00.000Z,1.63254,1.63854,1.63189,1.63451,72223
2025-10-01T21:00:00.000Z,1.63351,1.63902,1.63274,1.63617,59084
2025-10-02T21:00:00.000Z,1.63558,1.64033,1.63523,1.6374,54919
2025-10-05T21:00:00.000Z,1.63538,1.63696,1.62612,1.63246,66131
2025-10-06T21:00:00.000Z,1.63199,1.63335,1.62523,1.6261,58822
2025-10-07T21:00:00.000Z,1.6247,1.62652,1.61882,1.62228,62891
2025-10-08T21:00:00.000Z,1.62154,1.62342,1.61787,1.62117,70415
2025-10-09T21:00:00.000Z,1.6199,1.62864,1.61729,1.62737,70999
2025-10-12T21:00:00.000Z,1.6243,1.62718,1.61999,1.6235,66859
2025-10-13T21:00:00.000Z,1.6229,1.63101,1.62192,1.62987,87373
2025-10-14T21:00:00.000Z,1.62971,1.6358,1.62891,1.63521,75980
2025-10-15T21:00:00.000Z,1.63433,1.64334,1.63393,1.64194,85262
2025-10-16T21:00:00.000Z,1.64156,1.64666,1.6332,1.63364,88769
2025-10-19T21:00:00.000Z,1.6344,1.63738,1.63287,1.63438,66292
2025-10-20T21:00:00.000Z,1.63292,1.63535,1.62559,1.62653,77380
2025-10-21T21:00:00.000Z,1.62584,1.62685,1.62144,1.62484,76537
2025-10-22T21:00:00.000Z,1.62354,1.6253,1.62122,1.6252,62253
2025-10-23T21:00:00.000Z,1.62455,1.6328,1.62345,1.62772,68553
2025-10-26T21:00:00.000Z,1.62912,1.63022,1.62368,1.62857,66339
2025-10-27T21:00:00.000Z,1.62855,1.63259,1.62351,1.62471,67110
2025-10-28T21:00:00.000Z,1.62434,1.62517,1.61454,1.61767,76613
2025-10-29T21:00:00.000Z,1.61671,1.62163,1.61575,1.61766,81472
2025-10-30T21:00:00.000Z,1.61693,1.62173,1.61392,1.61587,70781
2025-11-02T22:00:00.000Z,1.61428,1.62142,1.61428,1.61912,67909
2025-11-03T22:00:00.000Z,1.61849,1.62172,1.61613,1.61908,69586
2025-11-04T22:00:00.000Z,1.61861,1.62449,1.6181,1.62115,70091
2025-11-05T22:00:00.000Z,1.62051,1.63104,1.62038,1.62977,75572
2025-11-06T22:00:00.000Z,1.62913,1.6313,1.62194,1.62384,70615
2025-11-09T22:00:00.000Z,1.62362,1.62386,1.61931,1.62004,85585
2025-11-10T22:00:00.000Z,1.61961,1.6256,1.61951,1.62323,71416
2025-11-11T22:00:00.000Z,1.6229,1.62424,1.6208,1.62335,77656
2025-11-12T22:00:00.000Z,1.62273,1.63408,1.62159,1.63304,85404
2025-11-13T22:00:00.000Z,1.63224,1.63381,1.62788,1.62939,96263
2025-11-16T22:00:00.000Z,1.62844,1.63004,1.62499,1.62891,78360
2025-11-17T22:00:00.000Z,1.62782,1.63095,1.61739,1.61961,90582
2025-11-18T22:00:00.000Z,1.61868,1.62336,1.61835,1.62059,90895
2025-11-19T22:00:00.000Z,1.62028,1.62694,1.61717,1.62474,94029
2025-11-20T22:00:00.000Z,1.62384,1.62807,1.62097,1.6234,101778
2025-11-23T22:00:00.000Z,1.62265,1.62909,1.6217,1.62492,71182
2025-11-24T22:00:00.000Z,1.62472,1.63342,1.6247,1.63091,82080
2025-11-25T22:00:00.000Z,1.63033,1.6318,1.62704,1.62828,93717
2025-11-26T22:00:00.000Z,1.6271,1.62944,1.62541,1.62626,55053
2025-11-27T22:00:00.000Z,1.6265,1.62719,1.6168,1.62034,160132
2025-11-30T22:00:00.000Z,1.61972,1.62615,1.6192,1.62484,78222
2025-12-01T22:00:00.000Z,1.62427,1.62718,1.62151,1.62419,59789
2025-12-02T22:00:00.000Z,1.62294,1.62876,1.6228,1.62781,65246
2025-12-03T22:00:00.000Z,1.62734,1.63178,1.62454,1.62496,71113
2025-12-04T22:00:00.000Z,1.62437,1.62717,1.60883,1.60892,71566
2025-12-07T22:00:00.000Z,1.60886,1.61284,1.60649,1.61245,85264
2025-12-08T22:00:00.000Z,1.61131,1.61397,1.60743,1.60972,79147
2025-12-09T22:00:00.000Z,1.60916,1.61443,1.60896,1.61249,90364
2025-12-10T22:00:00.000Z,1.61124,1.61936,1.61063,1.61632,95853
2025-12-11T22:00:00.000Z,1.61603,1.6192,1.61254,1.616,86045
2025-12-14T22:00:00.000Z,1.61508,1.61957,1.61378,1.61781,84605
2025-12-15T22:00:00.000Z,1.61756,1.62149,1.6146,1.61548,94600
2025-12-16T22:00:00.000Z,1.61515,1.62072,1.61284,1.61864,93752
2025-12-17T22:00:00.000Z,1.6174,1.61895,1.61328,1.61539,96217
2025-12-18T22:00:00.000Z,1.61351,1.61679,1.613,1.61587,84722
2025-12-21T22:00:00.000Z,1.61544,1.61794,1.61384,1.61654,79076
2025-12-22T22:00:00.000Z,1.6155,1.61785,1.61224,1.61393,83663
2025-12-23T22:00:00.000Z,1.61377,1.61488,1.60945,1.61009,70523
2025-12-25T22:00:00.000Z,1.6101,1.61284,1.60729,1.60903,85001
2025-12-28T22:00:00.000Z,1.60772,1.61359,1.60685,1.61162,86569
2025-12-29T22:00:00.000Z,1.60974,1.61242,1.60812,1.60858,74527
2025-12-30T22:00:00.000Z,1.60755,1.61296,1.60603,1.61127,79953
2026-01-01T22:00:00.000Z,1.61159,1.61311,1.60718,1.60905,77588
2026-01-04T22:00:00.000Z,1.61006,1.61429,1.6063,1.6138,101526
2026-01-05T22:00:00.000Z,1.61315,1.61538,1.6105,1.61455,85985
2026-01-06T22:00:00.000Z,1.61351,1.61841,1.61187,1.61817,84321
2026-01-07T22:00:00.000Z,1.61705,1.62105,1.61463,1.616,83920
2026-01-08T22:00:00.000Z,1.61513,1.61884,1.61391,1.61849,84987
2026-01-11T22:00:00.000Z,1.6182,1.62263,1.61693,1.61879,88553
2026-01-12T22:00:00.000Z,1.61865,1.61986,1.61605,1.61679,87301
2026-01-13T22:00:00.000Z,1.61654,1.61877,1.61411,1.61647,85059
2026-01-14T22:00:00.000Z,1.61553,1.61825,1.61127,1.6124,80225
2026-01-15T22:00:00.000Z,1.61181,1.61568,1.61156,1.61409,83300
2026-01-18T22:00:00.000Z,1.61036,1.61684,1.61028,1.61488,77794
2026-01-19T22:00:00.000Z,1.61382,1.62623,1.61382,1.622,106324
2026-01-20T22:00:00.000Z,1.62102,1.62232,1.61435,1.61639,104902
2026-01-21T22:00:00.000Z,1.61551,1.62069,1.61475,1.62037,87899
2026-01-22T22:00:00.000Z,1.61963,1.62089,1.61426,1.62074,98152
2026-01-25T22:00:00.000Z,1.62415,1.62987,1.6204,1.62832,123864
2026-01-26T22:00:00.000Z,1.6277,1.63938,1.626,1.63489,122496
2026-01-27T22:00:00.000Z,1.63444,1.63517,1.61775,1.6202,148585
2026-01-28T22:00:00.000Z,1.62015,1.62209,1.61257,1.61441,153940
2026-01-29T22:00:00.000Z,1.61389,1.61696,1.60744,1.61384,183520
2026-02-01T22:00:00.000Z,1.61216,1.62015,1.61114,1.61272,166475
2026-02-02T22:00:00.000Z,1.6111,1.61569,1.61058,1.6126,130766
2026-02-03T22:00:00.000Z,1.61082,1.6155,1.61051,1.6126,123456
2026-02-04T22:00:00.000Z,1.61218,1.61559,1.6111,1.61404,133119
2026-02-05T22:00:00.000Z,1.61347,1.61616,1.61018,1.61344,100625
2026-02-08T22:00:00.000Z,1.6142,1.62018,1.61318,1.61494,106851
2026-02-09T22:00:00.000Z,1.61495,1.61639,1.60984,1.6117,91998
2026-02-10T22:00:00.000Z,1.6105,1.6147,1.60899,1.61125,109228
2026-02-11T22:00:00.000Z,1.6099,1.61786,1.60964,1.615,111362
2026-02-12T22:00:00.000Z,1.61488,1.61756,1.61328,1.61592,104213
2026-02-15T22:00:00.000Z,1.61468,1.61677,1.61382,1.61605,54526
2026-02-16T22:00:00.000Z,1.6148,1.61724,1.61366,1.61627,97813
2026-02-17T22:00:00.000Z,1.61548,1.61714,1.61336,1.61379,85121
2026-02-18T22:00:00.000Z,1.61308,1.61577,1.60916,1.61058,93337
2026-02-19T22:00:00.000Z,1.60947,1.61449,1.60839,1.61203,116878
2026-02-22T22:00:00.000Z,1.6117,1.61665,1.61128,1.61439,109988
2026-02-23T22:00:00.000Z,1.61371,1.61616,1.61265,1.6128,89373
2026-02-24T22:00:00.000Z,1.61248,1.61651,1.61205,1.61473,88024
2026-02-25T22:00:00.000Z,1.61373,1.61703,1.61232,1.61407,94008
2026-02-26T22:00:00.000Z,1.61276,1.61569,1.60985,1.61195,101434
2026-03-01T22:00:00.000Z,1.60568,1.60926,1.59756,1.59897,154818
2026-03-02T22:00:00.000Z,1.59773,1.59943,1.5836,1.58838,180319
2026-03-03T22:00:00.000Z,1.58654,1.59279,1.58439,1.58726,156151
2026-03-04T22:00:00.000Z,1.58579,1.58801,1.58126,1.58694,163948
2026-03-05T22:00:00.000Z,1.58674,1.58744,1.57498,1.5754,159404
2026-03-08T21:00:00.000Z,1.56959,1.58033,1.56117,1.58025,210265
2026-03-09T21:00:00.000Z,1.57973,1.58346,1.57511,1.57667,158798
2026-03-10T21:00:00.000Z,1.57592,1.57937,1.57036,1.57186,142165
2026-03-11T21:00:00.000Z,1.57132,1.57251,1.56664,1.56932,139347
2026-03-12T21:00:00.000Z,1.56975,1.57469,1.56204,1.56689,139101
2026-03-15T21:00:00.000Z,1.56669,1.57604,1.56545,1.5744,117009
2026-03-16T21:00:00.000Z,1.57417,1.5818,1.5704,1.57973,103180
2026-03-17T21:00:00.000Z,1.57903,1.58267,1.57223,1.57246,120734
2026-03-18T21:00:00.000Z,1.57216,1.59264,1.57179,1.59212,156972
2026-03-19T21:00:00.000Z,1.59113,1.59298,1.58191,1.5875,138851
2026-03-22T21:00:00.000Z,1.58175,1.59599,1.57915,1.59379,194767
2026-03-23T21:00:00.000Z,1.59325,1.59789,1.59023,1.59741,168953
2026-03-24T21:00:00.000Z,1.59648,1.60151,1.59425,1.59624,135049
2026-03-25T21:00:00.000Z,1.59517,1.5994,1.59463,1.59799,114618
2026-03-26T21:00:00.000Z,1.59762,1.60132,1.59382,1.59903,115860
2026-03-29T21:00:00.000Z,1.59599,1.60053,1.59353,1.59589,112067
2026-03-30T21:00:00.000Z,1.59458,1.61013,1.59441,1.60741,142885
2026-03-31T21:00:00.000Z,1.60628,1.61455,1.60606,1.60793,126681
2026-04-01T21:00:00.000Z,1.60703,1.60941,1.60222,1.60593,137518
2026-04-02T21:00:00.000Z,1.60526,1.60821,1.60374,1.60394,54260
2026-04-05T21:00:00.000Z,1.60514,1.61028,1.60451,1.60546,109491
2026-04-06T21:00:00.000Z,1.60501,1.61164,1.60423,1.6103,128541
2026-04-07T21:00:00.000Z,1.60974,1.62301,1.60961,1.61432,186693
2026-04-08T21:00:00.000Z,1.61332,1.61927,1.61332,1.61609,110182
2026-04-09T21:00:00.000Z,1.61543,1.62351,1.61517,1.6233,97747
2026-04-12T21:00:00.000Z,1.61815,1.62238,1.616,1.62146,108960
2026-04-13T21:00:00.000Z,1.6207,1.62478,1.62013,1.6236,95624
2026-04-14T21:00:00.000Z,1.62334,1.62472,1.61944,1.62124,96475
2026-04-15T21:00:00.000Z,1.61954,1.62126,1.61276,1.61428,106537
2026-04-16T21:00:00.000Z,1.61359,1.61833,1.60939,1.60977,123959
2026-04-19T21:00:00.000Z,1.60562,1.61189,1.60532,1.60819,121013
2026-04-20T21:00:00.000Z,1.60769,1.60874,1.60242,1.60391,131126
2026-04-21T21:00:00.000Z,1.60449,1.605,1.59928,1.60025,107001
2026-04-22T21:00:00.000Z,1.59918,1.60238,1.59656,1.60009,135063
2026-04-23T21:00:00.000Z,1.60118,1.60382,1.59889,1.60157,113249
2026-04-26T21:00:00.000Z,1.5989,1.60274,1.5961,1.59681,95483
2026-04-27T21:00:00.000Z,1.59688,1.60315,1.59389,1.60273,117848
2026-04-28T21:00:00.000Z,1.60103,1.60275,1.5962,1.59679,121346
2026-04-29T21:00:00.000Z,1.5973,1.60037,1.59285,1.593,168623
2026-04-30T21:00:00.000Z,1.59261,1.59884,1.59161,1.5925,119122
2026-05-03T21:00:00.000Z,1.59533,1.5956,1.59033,1.59225,131685
2026-05-04T21:00:00.000Z,1.59187,1.59435,1.59057,1.59236,102406
2026-05-05T21:00:00.000Z,1.59126,1.6029,1.59126,1.60131,138831
2026-05-06T21:00:00.000Z,1.60033,1.6057,1.59988,1.60175,129578
2026-05-07T21:00:00.000Z,1.60146,1.6149,1.60055,1.61155,111752
2026-05-10T21:00:00.000Z,1.60725,1.61192,1.60701,1.61122,100731
2026-05-11T21:00:00.000Z,1.61041,1.61187,1.60766,1.60771,122394
2026-05-12T21:00:00.000Z,1.60659,1.60775,1.60206,1.60504,107685
2026-05-13T21:00:00.000Z,1.60425,1.60652,1.60022,1.60043,110302
2026-05-14T21:00:00.000Z,1.60039,1.60186,1.5971,1.59838,140833
2026-05-17T21:00:00.000Z,1.59696,1.60191,1.59693,1.60119,138143
2026-05-18T21:00:00.000Z,1.60087,1.60208,1.59501,1.59501,132185
2026-05-19T21:00:00.000Z,1.59466,1.59916,1.59351,1.5976,138334
2026-05-20T21:00:00.000Z,1.59682,1.60194,1.59582,1.60045,141098
2026-05-21T21:00:00.000Z,1.60057,1.60441,1.59944,1.60351,102040
2026-05-24T21:00:00.000Z,1.60647,1.6086,1.60539,1.60681,70987
2026-05-25T21:00:00.000Z,1.60611,1.60791,1.60382,1.60655,98904
2026-05-26T21:00:00.000Z,1.6053,1.61218,1.60517,1.60886,111680
2026-05-27T21:00:00.000Z,1.60826,1.61224,1.60451,1.60515,121304
2026-05-28T21:00:00.000Z,1.60572,1.61065,1.60428,1.60824,120875
2026-05-31T21:00:00.000Z,1.60749,1.612,1.60614,1.60974,121586
2026-06-01T21:00:00.000Z,1.60931,1.61332,1.60715,1.60941,93256
2026-06-02T21:00:00.000Z,1.60801,1.61208,1.60792,1.61154,108374
2026-06-03T21:00:00.000Z,1.61098,1.61768,1.61027,1.61473,110919
2026-06-04T21:00:00.000Z,1.61321,1.61663,1.60585,1.60615,128521
2026-06-07T21:00:00.000Z,1.60376,1.6107,1.60325,1.6089,140907
2026-06-08T21:00:00.000Z,1.60904,1.61383,1.60744,1.61018,133800
2026-06-09T21:00:00.000Z,1.60974,1.61124,1.60687,1.60838,145075
2026-06-10T21:00:00.000Z,1.6078,1.61707,1.60748,1.61688,157262
2026-06-11T21:00:00.000Z,1.61608,1.61998,1.61509,1.61799,147285
2026-06-14T21:00:00.000Z,1.61871,1.62435,1.61833,1.62114,112427
2026-06-15T21:00:00.000Z,1.62073,1.6257,1.62021,1.62447,100081
2026-06-16T21:00:00.000Z,1.62414,1.6268,1.61989,1.62155,119229
2026-06-17T21:00:00.000Z,1.62111,1.62598,1.61814,1.61957,140072
2026-06-18T21:00:00.000Z,1.61945,1.627,1.61613,1.62493,97266
2026-06-21T21:00:00.000Z,1.62318,1.62579,1.617,1.6181,119307
2026-06-22T21:00:00.000Z,1.61726,1.62075,1.61458,1.61685,120963
2026-06-23T21:00:00.000Z,1.61641,1.61758,1.6126,1.6166,127779
2026-06-24T21:00:00.000Z,1.61653,1.61819,1.61358,1.6143,125686
2026-06-25T21:00:00.000Z,1.61436,1.62066,1.61234,1.61519,132435
2026-06-28T21:00:00.000Z,1.61556,1.62361,1.61423,1.6233,107658
2026-06-29T21:00:00.000Z,1.62258,1.62353,1.61995,1.62146,112256
2026-06-30T21:00:00.000Z,1.62119,1.62201,1.61646,1.61706,113928
2026-07-01T21:00:00.000Z,1.61637,1.62364,1.61569,1.62128,132109
2026-07-02T21:00:00.000Z,1.62102,1.62606,1.62043,1.62396,104109
2026-07-05T21:00:00.000Z,1.62267,1.62605,1.62237,1.62511,99615
2026-07-06T21:00:00.000Z,1.62397,1.6267,1.6201,1.62028,102808
2026-07-07T21:00:00.000Z,1.61927,1.62055,1.6145,1.61801,133193
2026-07-08T21:00:00.000Z,1.61712,1.62221,1.61654,1.61895,97540
2026-07-09T21:00:00.000Z,1.61845,1.62071,1.61404,1.61557,112188
2026-07-12T21:00:00.000Z,1.61324,1.61758,1.6105,1.61087,126947
2026-07-13T21:00:00.000Z,1.61059,1.61269,1.60501,1.60554,144482
2026-07-14T21:00:00.000Z,1.60585,1.61064,1.60466,1.60915,112481
2026-07-15T21:00:00.000Z,1.60857,1.61141,1.60415,1.60655,99203
2026-07-16T21:00:00.000Z,1.60635,1.60686,1.60109,1.60318,96533
2026-07-19T21:00:00.000Z,1.60059,1.60594,1.60051,1.60564,85824
2026-07-20T21:00:00.000Z,1.60637,1.60904,1.60529,1.60783,84779
2026-07-21T21:00:00.000Z,1.60767,1.60916,1.60645,1.60737,82796
2026-07-22T21:00:00.000Z,1.60616,1.60796,1.60026,1.60214,109764
2026-07-23T21:00:00.000Z,1.60174,1.60451,1.60076,1.60243,105008
2026-07-26T21:00:00.000Z,1.60412,1.60908,1.60352,1.6055,104386
2026-07-27T21:00:00.000Z,1.60495,1.60692,1.60247,1.60616,92497
2026-07-28T21:00:00.000Z,1.60605,1.61116,1.60298,1.61058,121546
2026-07-29T21:00:00.000Z,1.60919,1.61568,1.60792,1.61479,129887
2026-07-30T21:00:00.000Z,1.61453,1.6178,1.60706,1.61671,141048
2026-08-02T21:00:00.000Z,1.61716,1.61944,1.61493,1.61628,114119
2026-08-03T21:00:00.000Z,1.61626,1.62242,1.61501,1.62158,107004
2026-08-04T21:00:00.000Z,1.62088,1.62479,1.6179,1.61844,112348
2026-08-05T21:00:00.000Z,1.61829,1.61897,1.6142,1.61435,87982
2026-08-06T21:00:00.000Z,1.6144,1.61747,1.60961,1.61143,97730
2026-08-09T21:00:00.000Z,1.61243,1.6129,1.60825,1.60886,86449
2026-08-10T21:00:00.000Z,1.60861,1.60939,1.6056,1.60704,87447
2026-08-11T21:00:00.000Z,1.60642,1.60877,1.60598,1.60643,87309
2026-08-12T21:00:00.000Z,1.60612,1.60953,1.60535,1.60583,92201
2026-08-13T21:00:00.000Z,1.60549,1.60748,1.60388,1.60474,94393
2026-08-16T21:00:00.000Z,1.60394,1.60883,1.60367,1.60642,94999
2026-08-17T21:00:00.000Z,1.60572,1.61,1.60431,1.60841,92818
2026-08-18T21:00:00.000Z,1.6075,1.61356,1.60684,1.61234,130129
2026-08-19T21:00:00.000Z,1.61164,1.61259,1.60798,1.6099,125891
2026-08-20T21:00:00.000Z,1.60995,1.61064,1.60536,1.60737,101772
2026-08-23T21:00:00.000Z,1.61239,1.61578,1.60992,1.6147,107378
2026-08-24T21:00:00.000Z,1.6142,1.61733,1.6135,1.61529,93946
2026-08-25T21:00:00.000Z,1.61492,1.61856,1.61429,1.61674,95054
2026-08-26T21:00:00.000Z,1.616,1.61849,1.61332,1.61432,92177
2026-08-27T21:00:00.000Z,1.61352,1.61447,1.60998,1.6105,103907
2026-08-30T21:00:00.000Z,1.61002,1.61219,1.60863,1.60949,100117
2026-08-31T21:00:00.000Z,1.60912,1.61243,1.60747,1.6108,98604
2026-09-01T21:00:00.000Z,1.60971,1.61365,1.60279,1.60423,119090
2026-09-02T21:00:00.000Z,1.60309,1.60536,1.60121,1.60315,124552
2026-09-03T21:00:00.000Z,1.60318,1.60971,1.59975,1.60688,104473
2026-09-06T21:00:00.000Z,1.60554,1.60812,1.60468,1.60526,64714
2026-09-07T21:00:00.000Z,1.60494,1.60586,1.6,1.60179,106844
2026-09-08T21:00:00.000Z,1.60157,1.60717,1.60157,1.60576,94180
2026-09-09T21:00:00.000Z,1.60518,1.60676,1.60483,1.60655,15174