date,signal_ts,exit_ts,tf,signal,direction,dow,dow_idx,entry,sl,tp1,tp2,sl_dist,tp1_dist,dist_R,win,bars_held,mfe,h1_atr,adr,d_bias,h4_bias,w_bias,conf_ema,conf_rn,conf_wk,thu_mult
2021-08-11,2021-08-11 10:00:00,2021-08-11 12:30:00,60,SFP,long,Wed,2,1.38171,1.3800940917435558,1.3849418165128884,1.3865577247693326,0.0016159082564441984,0.0016159082564441984,0.0016159082564441984,1,10,0.005840000000000067,0.000629541282220757,0.8432053313546508,-1,-1,0,0,0,0,1.0
2021-08-17,2021-08-17 10:00:00,2021-08-17 12:00:00,60,SFP,long,Tue,1,1.37927,1.3783219076832984,1.3811661846334031,1.3821142769501047,0.0009480923167015654,0.0009480923167015654,0.0009480923167015654,0,8,0.0004900000000001015,0.0007904615835073757,0.974610248795584,-1,-1,-1,0,0,0,1.0
2021-09-08,2021-09-08 11:00:00,2021-09-08 13:00:00,60,AOI-D,long,Wed,2,1.37684,1.3757970440835212,1.3789259118329578,1.38561,0.0010429559164788493,0.0010429559164788493,0.0010429559164788493,0,8,0.0009599999999998499,0.0008147795823940606,0.5246592065735226,1,-1,1,1,0,0,1.0
2021-09-10,2021-09-10 11:00:00,2021-09-10 11:15:00,60,SFP,short,Fri,4,1.38836,1.3886271442796745,1.3878257114406511,1.3875585671609767,0.0002671442796744472,0.0002671442796744472,0.0002671442796744472,1,1,0.0012400000000001299,0.0007357213983722097,0.6628779314657108,-1,1,1,0,0,0,1.0
2021-09-17,2021-09-17 10:00:00,2021-09-17 13:45:00,60,SFP,long,Fri,4,1.37927,1.3773443674207342,1.3831212651585316,1.3850468977377974,0.0019256325792658124,0.0019256325792658124,0.0019256325792658124,0,15,0.0014300000000000423,0.0008281628963293758,0.44103741698596893,1,-1,-1,0,0,0,1.0
2021-10-27,2021-10-27 11:00:00,2021-10-27 18:00:00,60,SFP,long,Wed,2,1.37324,1.3707883961823266,1.3781432076353468,1.3805948114530202,0.002451603817673398,0.002451603817673398,0.002451603817673398,0,28,0.0026399999999999757,0.001058019088366593,1.0218956025186605,-1,-1,-1,0,0,0,1.0
2021-11-02,2021-11-02 10:00:00,2021-11-02 14:00:00,60,SFP,long,Tue,1,1.36377,1.362415634932347,1.3664787301353056,1.3678330952029585,0.0013543650676528518,0.0013543650676528518,0.0013543650676528518,0,16,0.0025600000000001177,0.0010718253382648029,0.5562551430878648,-1,-1,-1,0,0,0,1.0
2021-12-07,2021-12-07 10:00:00,2021-12-07 11:45:00,60,SFP,long,Tue,1,1.3255,1.3243944815008692,1.3277110369982612,1.3288165554973919,0.0011055184991306533,0.0011055184991306533,0.0011055184991306533,0,7,0.0013400000000001189,0.001027592495654146,0.4317071282815686,-1,-1,-1,0,0,0,1.0
2021-12-08,2021-12-08 10:00:00,2021-12-08 11:15:00,60,AOI-D,long,Wed,2,1.32133,1.3196468073488599,1.32469638530228,1.32887,0.0016831926511400308,0.0016831926511400308,0.0016831926511400308,0,5,0.0023700000000002053,0.0010159632557005013,0.3069024541935904,-1,-1,-1,0,0,1,1.0
2021-12-10,2021-12-10 11:00:00,2021-12-10 13:30:00,60,SFP,long,Fri,4,1.31987,1.318479548927842,1.3226509021443162,1.3240413532164743,0.001390451072158072,0.001390451072158072,0.001390451072158072,1,10,0.004309999999999814,0.0008522553607907147,0.5017163017323196,-1,-1,-1,0,0,0,1.0
2021-12-15,2021-12-15 13:00:00,2021-12-15 14:30:00,60,AOI-D,short,Wed,2,1.32559,1.326393157703979,1.3239836845920423,1.31908,0.000803157703978874,0.000803157703978874,0.000803157703978874,1,6,0.0023100000000000342,0.0008157885198945698,0.6745980552960357,-1,1,-1,1,0,0,1.0
2021-12-16,2021-12-16 10:00:00,2021-12-16 12:00:00,60,AOI-W,short,Thu,3,1.3283,1.329820485361439,1.325259029277122,1.3229783012349636,0.0015204853614390057,0.0015204853614390057,0.0015204853614390057,0,8,0.0024999999999999467,0.0008902371151085799,0.6894846047066411,-1,1,-1,0,0,1,1.2
2021-12-17,2021-12-17 11:00:00,2021-12-17 13:00:00,60,AOI-W,short,Fri,4,1.32874,1.3297444082674708,1.3267311834650586,1.3252245710638526,0.0010044082674707244,0.0010044082674707244,0.0010044082674707244,0,8,0.0007300000000001194,0.0010480275582360795,0.6283767021586046,-1,1,-1,0,0,1,1.0
2022-01-25,2022-01-25 10:00:00,2022-01-25 11:30:00,60,SFP,long,Tue,1,1.34692,1.3456015554618082,1.3495568890763834,1.3508753336145751,0.0013184445381917431,0.0013184445381917431,0.0013184445381917431,0,6,0.0010700000000001264,0.0009422226909591062,0.3063873944695861,1,-1,-1,0,0,0,1.0
2022-01-26,2022-01-26 10:00:00,2022-01-26 10:15:00,60,SFP,short,Wed,2,1.35128,1.3516196128101223,1.3506007743797555,1.3502611615696332,0.0003396128101222917,0.0003396128101222917,0.0003396128101222917,1,1,0.0015300000000000313,0.0007980640506108096,0.2972215949882729,1,1,-1,0,0,0,1.0
2022-02-01,2022-02-01 10:00:00,2022-02-01 11:15:00,60,SFP,short,Tue,1,1.34973,1.3504544409742634,1.3482811180514735,1.3475566770772103,0.000724440974263274,0.000724440974263274,0.000724440974263274,0,5,0.000260000000000149,0.0009222048713167612,0.8285452688497078,-1,1,-1,0,0,0,1.0
2022-03-08,2022-03-08 10:00:00,2022-03-08 13:00:00,60,SFP,short,Tue,1,1.31211,1.3136619289269273,1.3090061421461456,1.3074542132192184,0.0015519289269272374,0.0015519289269272374,0.0015519289269272374,1,12,0.0034200000000002007,0.0017096446346362634,0.4828539034510053,-1,-1,-1,0,0,0,1.0
2022-03-09,2022-03-09 11:00:00,2022-03-09 14:00:00,60,SFP,short,Wed,2,1.3151,1.3171880052330345,1.3109239895339309,1.3088359843008963,0.00208800523303454,0.00208800523303454,0.00208800523303454,0,12,0.0013999999999998458,0.0012900261651726818,0.8180147415492574,-1,-1,-1,0,0,0,1.0
2022-03-10,2022-03-10 10:00:00,2022-03-10 14:30:00,60,SFP,long,Thu,3,1.31594,1.3137817017518476,1.3202565964963051,1.3224148947444576,0.0021582982481525015,0.0021582982481525015,0.0021582982481525015,0,18,0.0033799999999999386,0.0014929093673019238,0.5005514939929184,-1,-1,-1,0,0,0,1.2
2022-03-11,2022-03-11 10:00:00,2022-03-11 11:15:00,60,AOI-D,long,Fri,4,1.30847,1.3067818026311409,1.3118463947377184,1.31945,0.0016881973688591678,0.0016881973688591678,0.0016881973688591678,1,5,0.003470000000000084,0.0012409868442957318,0.5185164305445316,-1,-1,-1,1,0,0,1.0
2022-03-15,2022-03-15 11:00:00,2022-03-15 12:00:00,60,SFP,short,Tue,1,1.30507,1.3060958736824235,1.3030182526351528,1.3019923789527292,0.0010258736824235726,0.0010258736824235726,0.0010258736824235726,0,4,0.0007599999999998719,0.001029368412117494,0.5708103512243764,-1,-1,-1,0,0,0,1.0
2022-04-21,2022-04-21 10:00:00,2022-04-21 18:00:00,60,SFP,short,Thu,3,1.30651,1.3092270183024584,1.3010759633950835,1.2983589450926252,0.002717018302458296,0.002717018302458296,0.002717018302458296,0,32,0.0043200000000001015,0.0009459095935769361,0.46497966842129335,-1,-1,-1,0,0,0,1.2
2022-04-29,2022-04-29 10:00:00,2022-04-29 11:15:00,60,SFP,short,Fri,4,1.25685,1.2582464911868736,1.2540570176262529,1.2526605264393793,0.0013964911868735719,0.0013964911868735719,0.0013964911868735719,0,5,0.0013199999999999878,0.0012324559343682609,0.9066773396943933,-1,-1,-1,0,0,0,1.0
2022-05-03,2022-05-03 11:00:00,2022-05-03 16:45:00,60,SFP,long,Tue,1,1.25313,1.2489992467384883,1.2613915065230237,1.2655222597845355,0.004130753261511799,0.004130753261511799,0.004130753261511799,0,23,0.0035600000000000076,0.001253766307558977,0.5761344395580151,-1,-1,-1,0,0,0,1.0
2022-06-09,2022-06-09 17:00:00,2022-06-09 18:00:00,60,AOI-D,long,Thu,3,1.25167,1.2501818199967445,1.2546463600065112,1.2589,0.001488180003255568,0.001488180003255568,0.001488180003255568,0,4,0.00031000000000003247,0.0013257500135644903,0.6978187008488421,-1,1,-1,1,0,0,1.2
2022-06-15,2022-06-15 10:00:00,2022-06-15 11:00:00,60,SFP,short,Wed,2,1.20915,1.2106760141592112,1.2060979716815774,1.2045719575223661,0.0015260141592112753,0.0015260141592112753,0.0015260141592112753,0,4,0.0010999999999998789,0.0019300707960556245,0.7485131322489494,-1,-1,-1,0,0,0,1.0
2022-06-16,2022-06-16 10:00:00,2022-06-16 11:00:00,60,SFP,short,Thu,3,1.21533,1.218905835153796,1.208178329692408,1.204602494538612,0.003575835153796003,0.003575835153796003,0.003575835153796003,1,4,0.010909999999999975,0.0025243131408171737,0.7457425120754544,-1,-1,-1,0,0,0,1.2
2022-07-21,2022-07-21 10:00:00,2022-07-21 11:15:00,60,AOI-D,long,Thu,3,1.19615,1.1938664960176508,1.2007170079646985,1.20372,0.002283503982349222,0.002283503982349222,0.002283503982349222,0,5,0.0008799999999999919,0.001472933259788621,0.5120445947629709,-1,-1,-1,1,1,1,1.2
2022-07-27,2022-07-27 10:00:00,2022-07-27 14:30:00,60,AOI-W,short,Wed,2,1.20585,1.207512126008443,1.2025257479831144,1.2000325589704501,0.0016621260084428435,0.0016621260084428435,0.0016621260084428435,1,18,0.003610000000000113,0.0013070866948101556,0.37018227105305085,-1,1,-1,0,0,1,1.0
2022-09-06,2022-09-06 10:00:00,2022-09-06 18:00:00,60,AOI-W,short,Tue,1,1.15709,1.1612970832840657,1.1486758334318685,1.1423652085057698,0.004207083284065716,0.004207083284065716,0.004207083284065716,0,32,0.007719999999999949,0.0016902776135519538,0.37179577165281613,-1,-1,-1,0,0,1,1.0
2022-09-13,2022-09-13 11:00:00,2022-09-13 12:30:00,60,SFP,short,Tue,1,1.1732,1.17398473627235,1.1716305274553003,1.1708457911829504,0.000784736272349873,0.000784736272349873,0.000784736272349873,1,6,0.015519999999999978,0.0012736813617501785,0.359754354091109,-1,1,-1,0,0,0,1.0
2022-09-14,2022-09-14 10:00:00,2022-09-14 13:45:00,60,SFP,short,Wed,2,1.15588,1.1575371429697996,1.1525657140604009,1.1509085710906013,0.0016571429697995743,0.0016571429697995743,0.0016571429697995743,0,15,0.0025200000000000777,0.0015857148489988463,0.5962487576747092,-1,-1,-1,0,0,0,1.0
2022-09-15,2022-09-15 10:00:00,2022-09-15 12:15:00,60,SFP,long,Thu,3,1.15044,1.1484363102299326,1.1544473795401344,1.1564510693102017,0.002003689770067263,0.002003689770067263,0.002003689770067263,0,9,0.0014700000000000824,0.0011403740419466918,0.33489697450243977,-1,-1,-1,0,0,0,1.2
2022-10-18,2022-10-18 11:00:00,2022-10-18 18:00:00,60,SFP,long,Tue,1,1.13083,1.1253103972230245,1.141869205553951,1.1473888083309265,0.005519602776975496,0.005519602776975496,0.005519602776975496,0,28,0.0037799999999998946,0.002448013884876842,0.5255028032502868,-1,-1,-1,0,0,0,1.0
2022-10-20,2022-10-20 10:00:00,2022-10-20 12:15:00,60,AOI-D,long,Thu,3,1.12168,1.1180681832042396,1.1289036335915208,1.12236,0.003611816795760392,0.003611816795760392,0.003611816795760392,1,9,0.007400000000000073,0.001757569982335287,0.4915383057010297,-1,-1,-1,1,1,0,1.2
2022-10-21,2022-10-21 10:00:00,2022-10-21 12:00:00,60,SFP,long,Fri,4,1.11219,1.109597941949636,1.117374116100728,1.119966174151092,0.002592058050363999,0.002592058050363999,0.002592058050363999,0,8,0.0017799999999998928,0.0020102902518202917,0.742498940494252,-1,-1,-1,0,0,0,1.0
2022-10-27,2022-10-27 10:00:00,2022-10-27 13:15:00,60,SFP,long,Thu,3,1.15597,1.1544610311727728,1.1589879376544543,1.1604969064816815,0.001508968827227175,0.001508968827227175,0.001508968827227175,1,13,0.0036400000000000876,0.0015790367801134637,0.5879317720681776,-1,1,-1,0,0,0,1.2
2022-10-28,2022-10-28 11:00:00,2022-10-28 12:30:00,60,AOI-D,long,Fri,4,1.15522,1.1527119033584956,1.1602361932830085,1.16454,0.0025080966415043093,0.0025080966415043093,0.0025080966415043093,0,6,0.0022699999999999942,0.0012904832075216958,0.6044742792417976,1,1,-1,1,1,0,1.0
2022-11-01,2022-11-01 10:00:00,2022-11-01 12:00:00,60,SFP,short,Tue,1,1.15408,1.1555311219581068,1.1511777560837864,1.1497266341256795,0.0014511219581068158,0.0014511219581068158,0.0014511219581068158,0,8,0.0013900000000000023,0.0015056097905340158,0.6250735429778571,1,-1,-1,0,0,0,1.0
2022-12-06,2022-12-06 10:00:00,2022-12-06 11:30:00,60,SFP,long,Tue,1,1.2173,1.2155395340508721,1.220820931898256,1.2225813978473838,0.0017604659491279318,0.0017604659491279318,0.0017604659491279318,1,6,0.0049200000000000355,0.0014523297456393146,0.3049557675039463,1,1,1,0,0,0,1.0
2022-12-07,2022-12-07 11:00:00,2022-12-07 12:45:00,60,SFP,short,Wed,2,1.21478,1.2189996395680578,1.2063407208638843,1.2021210812958265,0.00421963956805782,0.00421963956805782,0.00421963956805782,0,7,0.0008900000000000574,0.0017981978402894345,0.45330918290445504,1,1,1,0,0,0,1.0
2022-12-08,2022-12-08 10:00:00,2022-12-08 13:15:00,60,SFP,long,Thu,3,1.21685,1.2151168912731936,1.2203162174536129,1.2220493261804193,0.0017331087268064316,0.0017331087268064316,0.0017331087268064316,1,13,0.0047200000000000575,0.001304619695026705,0.3284344830578277,1,1,1,0,0,0,1.2
2022-12-09,2022-12-09 12:00:00,2022-12-09 13:30:00,60,AOI-W,long,Fri,4,1.22798,1.2255806242689338,1.2327787514621327,1.2363778150587321,0.0023993757310663,0.0023993757310663,0.0023993757310663,0,6,0.0017199999999999438,0.0011979191035540254,0.31306153014212523,1,1,1,0,0,1,1.0
2022-12-13,2022-12-13 11:00:00,2022-12-13 12:45:00,60,AOI-D,short,Tue,1,1.229,1.2305627289538124,1.2258745420923756,1.2205,0.0015627289538122646,0.0015627289538122646,0.0015627289538122646,0,7,0.0004700000000001925,0.0014636447690616597,0.3802461455792154,1,1,1,0,1,0,1.0
2022-12-14,2022-12-14 10:00:00,2022-12-14 12:45:00,60,SFP,short,Wed,2,1.23918,1.2407159422783118,1.2361081154433762,1.2345721731650643,0.001535942278311886,0.001535942278311886,0.001535942278311886,1,11,0.003430000000000044,0.001579711391558998,0.4502858302319884,1,1,1,0,0,0,1.0
2023-01-20,2023-01-20 10:00:00,2023-01-20 18:00:00,60,SFP,long,Fri,4,1.23661,1.2333401481506212,1.2431497036987575,1.2464195555481363,0.00326985184937878,0.00326985184937878,0.00326985184937878,0,32,0.002930000000000099,0.0012992592468938993,0.4868928759618908,1,1,-1,0,0,0,1.0
2023-01-24,2023-01-24 10:00:00,2023-01-24 12:30:00,60,SFP,long,Tue,1,1.23176,1.2297057426468299,1.2358685147063402,1.2379227720595103,0.002054257353170108,0.002054257353170108,0.002054257353170108,0,10,0.0011300000000000754,0.0020712867658515236,0.9532825950513756,1,1,1,0,0,0,1.0
2023-01-25,2023-01-25 11:00:00,2023-01-25 12:45:00,60,SFP,long,Wed,2,1.23059,1.2293285725048877,1.2331128549902248,1.2343742824853372,0.0012614274951123772,0.0012614274951123772,0.0012614274951123772,1,7,0.0029399999999999427,0.0014571374755606762,0.46797993524483955,1,-1,1,0,0,0,1.0
2023-01-31,2023-01-31 11:00:00,2023-01-31 12:45:00,60,SFP,long,Tue,1,1.23251,1.2305058875048738,1.2365182249902524,1.2385223374853787,0.00200411249512622,0.00200411249512622,0.00200411249512622,0,7,0.00038000000000004697,0.00102056247563111,0.6633453752542816,1,-1,1,0,0,0,1.0
2023-02-01,2023-02-01 11:00:00,2023-02-01 13:15:00,60,SFP,short,Wed,2,1.23267,1.233557590936365,1.2308948181272699,1.2300072271909048,0.0008875909363650347,0.0008875909363650347,0.0008875909363650347,0,9,0.0010900000000000354,0.0007879546818244166,0.2826046649327623,1,-1,1,0,0,0,1.0
2023-03-07,2023-03-07 10:00:00,2023-03-07 11:30:00,60,SFP,long,Tue,1,1.20107,1.1995178598035199,1.2041742803929605,1.2057264205894407,0.0015521401964802006,0.0015521401964802006,0.0015521401964802006,0,6,0.0005499999999998284,0.00121070098240039,0.4995705515972167,-1,-1,-1,0,0,0,1.0
2023-03-08,2023-03-08 10:00:00,2023-03-08 11:00:00,60,SFP,short,Wed,2,1.18363,1.1844193089891977,1.1820513820216045,1.1812620730324068,0.0007893089891977123,0.0007893089891977123,0.0007893089891977123,0,4,0.00045999999999990493,0.0010465449459881352,0.2889898811789213,-1,-1,-1,0,0,0,1.0
2023-03-09,2023-03-09 10:00:00,2023-03-09 10:15:00,60,SFP,short,Thu,3,1.18878,1.189241570375532,1.187856859248936,1.187395288873404,0.0004615703755319611,0.0004615703755319611,0.0004615703755319611,1,1,0.0018599999999999728,0.0012565432313822247,0.5178344272741399,-1,-1,-1,0,0,0,1.2
2023-03-14,2023-03-14 12:00:00,2023-03-14 12:30:00,60,AOI-D,short,Tue,1,1.21916,1.2205852699684807,1.2163094600630386,1.20459,0.0014252699684806913,0.0014252699684806913,0.0014252699684806913,1,2,0.00541999999999998,0.001376349842403962,0.36987287701119576,-1,1,-1,0,1,0,1.0
2023-03-17,2023-03-17 10:00:00,2023-03-17 11:30:00,60,SFP,long,Fri,4,1.21353,1.2123076120857454,1.215974775828509,1.2171971637427637,0.0012223879142545524,0.0012223879142545524,0.0012223879142545524,0,6,0.00048000000000003595,0.00111193957127357,0.6420235646373486,-1,1,-1,0,0,0,1.0
2023-04-19,2023-04-19 11:00:00,2023-04-19 12:45:00,60,SFP,long,Wed,2,1.24047,1.2388759930343953,1.2436580139312092,1.2452520208968139,0.001594006965604633,0.001594006965604633,0.001594006965604633,1,7,0.003570000000000073,0.001570034828023204,0.633059391704145,1,1,-1,0,0,0,1.0
2023-04-21,2023-04-21 12:00:00,2023-04-21 13:45:00,60,AOI-D,long,Fri,4,1.2413,1.2390153535492288,1.2458692929015427,1.24673,0.0022846464507713105,0.0022846464507713105,0.0022846464507713105,0,7,0.0011900000000000244,0.0008732322538566254,0.6306585901218521,1,1,-1,1,1,0,1.0
2023-04-26,2023-04-26 10:00:00,2023-04-26 12:00:00,60,SFP,short,Wed,2,1.24827,1.2492864939797128,1.2462370120405744,1.2452205180608615,0.001016493979712818,0.001016493979712818,0.001016493979712818,1,8,0.0020400000000000418,0.0011324698985636084,0.7993762681450667,1,-1,1,0,0,0,1.0
2023-04-28,2023-04-28 10:00:00,2023-04-28 13:00:00,60,SFP,long,Fri,4,1.24629,1.2443801818190727,1.2501096363618542,1.2520194545427814,0.0019098181809271697,0.0019098181809271697,0.0019098181809271697,1,12,0.00562000000000018,0.001249090904636341,0.5592466748120933,1,1,1,0,0,0,1.0
2023-05-03,2023-05-03 12:00:00,2023-06-02 13:30:00,60,AOI-D,short,Wed,2,1.24922,1.251471388160616,1.2447172236787678,1.24351,0.002251388160616097,0.002251388160616097,0.002251388160616097,0,3,0.0008500000000000174,0.0013069408030802914,0.7722296382841123,1,1,1,1,0,0,1.0
2023-06-09,2023-06-09 11:00:00,2023-06-09 11:15:00,60,SFP,short,Fri,4,1.25647,1.2571358009617704,1.2551383980764592,1.2544725971146888,0.0006658009617703797,0.0006658009617703797,0.0006658009617703797,1,1,0.0017000000000000348,0.0008790048088512022,0.4184009036017044,1,1,1,0,0,0,1.0
2023-06-13,2023-06-13 12:00:00,2023-06-13 12:15:00,60,AOI-D,short,Tue,1,1.25943,1.2606649409405046,1.2569601181189909,1.24866,0.0012349409405045808,0.0012349409405045808,0.0012349409405045808,1,1,0.002610000000000001,0.0006747047025232925,0.754681550138601,1,1,1,0,1,1,1.0
2023-06-14,2023-06-14 10:00:00,2023-06-14 12:00:00,60,SFP,short,Wed,2,1.26389,1.2650911637528397,1.2614876724943205,1.2602865087414807,0.00120116375283974,0.00120116375283974,0.00120116375283974,0,8,0.00017999999999984695,0.000655818764197789,0.5548842289186297,1,1,1,0,0,0,1.0
2023-06-16,2023-06-16 10:00:00,2023-06-16 11:15:00,60,AOI-D,short,Fri,4,1.27896,1.2798903789421001,1.2770992421158,1.2629,0.0009303789421000186,0.0009303789421000186,0.0009303789421000186,0,5,0.0003700000000002035,0.0009518947104999642,0.5326978383261376,1,1,1,1,0,0,1.0
2023-07-25,2023-07-25 11:00:00,2023-07-25 13:15:00,60,SFP,long,Tue,1,1.28294,1.2817772484266303,1.2852655031467393,1.286428254720109,0.001162751573369647,0.001162751573369647,0.001162751573369647,0,9,0.0009399999999999409,0.0008637578668480607,0.6080033136833318,1,-1,1,0,0,0,1.0
2023-07-26,2023-07-26 11:00:00,2023-07-26 13:30:00,60,SFP,short,Wed,2,1.29102,1.2923137256639843,1.2884325486720316,1.2871388230080474,0.0012937256639842243,0.0012937256639842243,0.0012937256639842243,0,10,0.0007099999999999884,0.0010186283199208619,0.5491072445312218,1,1,1,0,0,0,1.0
2023-07-27,2023-07-27 10:00:00,2023-07-27 12:30:00,60,AOI-D,short,Thu,3,1.29578,1.298334104009374,1.2906717919812516,1.28749,0.0025541040093741696,0.0025541040093741696,0.0025541040093741696,1,10,0.005859999999999976,0.001267100039058912,0.650746111159165,1,1,1,1,0,0,1.2
2023-07-28,2023-07-28 10:00:00,2023-07-28 18:00:00,60,AOI-W,long,Fri,4,1.28526,1.2809066466450518,1.2939667067098966,1.300496736742319,0.004353353354948242,0.004353353354948242,0.004353353354948242,0,32,0.003469999999999862,0.0012445111831604675,0.5657060753125948,1,-1,1,0,0,1,1.0
2023-08-01,2023-08-01 12:00:00,2023-08-01 14:00:00,60,AOI-W,long,Tue,1,1.27647,1.2752363903138824,1.2789372193722353,1.2807876339014117,0.0012336096861176316,0.0012336096861176316,0.0012336096861176316,1,8,0.0029799999999999827,0.0011120322870591488,0.7950555218496537,1,-1,1,0,0,1,1.0
2023-09-06,2023-09-06 10:00:00,2023-09-06 13:15:00,60,SFP,long,Wed,2,1.25504,1.254038556262494,1.2570428874750117,1.2580443312125176,0.0010014437375058804,0.0010014437375058804,0.0010014437375058804,0,13,0.0016500000000001513,0.001207218687530094,0.5055481399746771,-1,-1,1,0,0,0,1.0
2023-09-07,2023-09-07 11:00:00,2023-09-07 12:30:00,60,SFP,long,Thu,3,1.24604,1.2452074070737227,1.2477051858525547,1.248537778778832,0.0008325929262773535,0.0008325929262773535,0.0008325929262773535,0,6,0.0008500000000000174,0.0010524705261558739,0.680384964658029,-1,-1,1,0,0,0,1.2
2023-09-08,2023-09-08 10:00:00,2023-09-08 11:30:00,60,SFP,long,Fri,4,1.24806,1.24673603153235,1.2507079369353,1.25203190540295,0.0013239684676500385,0.0013239684676500385,0.0013239684676500385,0,6,0.00026999999999999247,0.0009198423382503081,0.4566678004399696,-1,-1,1,0,0,0,1.0
2023-09-12,2023-09-12 11:00:00,2023-09-12 18:00:00,60,SFP,long,Tue,1,1.24702,1.2457586881904141,1.2495426236191718,1.2508039354287577,0.0012613118095858855,0.0012613118095858855,0.0012613118095858855,0,28,0.0021199999999998997,0.00090655904792934,0.912411176733613,-1,1,-1,0,0,0,1.0
2023-09-14,2023-09-14 11:00:00,2023-09-14 12:15:00,60,SFP,long,Thu,3,1.24757,1.2459016497272382,1.2509067005455239,1.2525750508182858,0.0016683502727619093,0.0016683502727619093,0.0016683502727619093,0,5,0.00042999999999993044,0.0009931261365073976,0.5799591345784084,-1,1,-1,0,0,0,1.2
2023-10-17,2023-10-17 12:00:00,2023-10-17 14:15:00,60,AOI-W,short,Tue,1,1.21404,1.218972795158314,1.204174409683372,1.196775216945901,0.004932795158314018,0.004932795158314018,0.004932795158314018,0,9,0.0007900000000000684,0.0011093171943803142,0.699457888103466,-1,-1,-1,0,0,1,1.0
2023-10-19,2023-10-19 12:00:00,2023-10-19 16:00:00,60,AOI-D,long,Thu,3,1.2141,1.2116638658834378,1.2189722682331243,1.22106,0.002436134116562183,0.002436134116562183,0.002436134116562183,1,16,0.00503000000000009,0.0009005588190097878,0.6024708780512535,-1,-1,-1,1,0,1,1.2
2023-10-20,2023-10-20 11:00:00,2023-10-20 12:00:00,60,SFP,short,Fri,4,1.21401,1.214706157000778,1.212617685998444,1.2119215289976661,0.0006961570007779638,0.0006961570007779638,0.0006961570007779638,0,4,0.0008300000000001084,0.0010807850038892794,0.5667823038788731,-1,-1,-1,0,0,0,1.0
2023-10-24,2023-10-24 10:00:00,2023-10-24 18:00:00,60,AOI-W,short,Tue,1,1.2211,1.2247875043581165,1.2137249912837673,1.2081937347465928,0.003687504358116378,0.003687504358116378,0.003687504358116378,0,32,0.005820000000000158,0.0010250145270547751,0.5822502609381143,-1,1,-1,0,0,1,1.0
2023-10-26,2023-10-26 12:00:00,2023-10-26 18:00:00,60,AOI-D,long,Thu,3,1.21244,1.2075069064250945,1.2223061871498109,1.21758,0.004933093574905456,0.004933093574905456,0.004933093574905456,0,24,0.0008700000000001484,0.0008045565621058993,0.401023009675174,-1,-1,-1,1,0,1,1.2
2023-12-05,2023-12-05 11:00:00,2023-12-05 15:00:00,60,SFP,short,Tue,1,1.26222,1.264675516566003,1.2573089668679935,1.2548534503019904,0.0024555165660031797,0.0024555165660031797,0.0024555165660031797,0,16,0.002389999999999892,0.0008775828300157932,0.3455960468180637,1,1,1,0,0,0,1.0
2023-12-07,2023-12-07 10:00:00,2023-12-07 10:15:00,60,SFP,short,Thu,3,1.25874,1.2592894886881878,1.2576410226236243,1.2570915339354365,0.0005494886881878269,0.0005494886881878269,0.0005494886881878269,1,1,0.0011499999999999844,0.0008728695341160875,0.4607387577633788,1,-1,1,0,0,0,1.2
2023-12-13,2023-12-13 10:00:00,2023-12-13 13:15:00,60,AOI-D,long,Wed,2,1.25159,1.250735311572842,1.2532993768543161,1.26152,0.000854688427158079,0.000854688427158079,0.000854688427158079,1,13,0.0017800000000001148,0.0008734421357902828,0.6205389068561525,1,-1,1,0,0,1,1.0
2024-01-16,2024-01-16 11:00:00,2024-01-16 18:00:00,60,SFP,long,Tue,1,1.26456,1.2617470980468033,1.2701858039063931,1.2729987058595897,0.0028129019531966115,0.0028129019531966115,0.0028129019531966115,0,28,0.003310000000000146,0.0011145097659831693,1.0531094715390759,1,1,1,0,0,0,1.0
2024-01-17,2024-01-17 10:00:00,2024-01-17 18:00:00,60,SFP,short,Wed,2,1.26766,1.2698536212079492,1.2632727575841016,1.2610791363761524,0.0021936212079491924,0.0021936212079491924,0.0021936212079491924,0,32,0.00387000000000004,0.0013681060397463835,1.0706578469200447,1,-1,1,0,0,0,1.0
2024-01-18,2024-01-18 10:00:00,2024-01-18 13:30:00,60,SFP,long,Thu,3,1.26912,1.2669532795084242,1.2734534409831517,1.2756201614747276,0.0021667204915758465,0.0021667204915758465,0.0021667204915758465,0,14,0.00042999999999993044,0.0011530020482325902,0.36928810652263644,1,1,1,0,0,0,1.2
2024-01-25,2024-01-25 10:00:00,2024-01-25 13:30:00,60,SFP,short,Thu,3,1.27351,1.274413019830425,1.2717039603391496,1.2708009405087244,0.000903019830425178,0.000903019830425178,0.000903019830425178,1,14,0.0038399999999998435,0.0008875826267715184,0.49133935354957536,1,1,1,0,0,0,1.2
2024-02-28,2024-02-28 10:00:00,2024-02-28 18:00:00,60,SFP,long,Wed,2,1.26491,1.2619322628612202,1.2708654742775596,1.2738432114163394,0.0029777371387798013,0.0029777371387798013,0.0029777371387798013,0,32,0.0024100000000000232,0.0008886856938989363,0.6352327425018506,1,-1,1,0,0,0,1.0
2024-03-01,2024-03-01 10:00:00,2024-03-01 14:30:00,60,SFP,long,Fri,4,1.26293,1.2615647266009808,1.2656605467980386,1.267025820197058,0.0013652733990192623,0.0013652733990192623,0.0013652733990192623,0,18,0.0017399999999998528,0.0007263669950964706,0.28471289869471306,1,-1,1,0,0,0,1.0
2024-03-13,2024-03-13 10:00:00,2024-04-12 16:00:00,60,SFP,long,Wed,2,1.27909,1.2772568875069588,1.2827562249860827,1.284589337479124,0.0018331124930413,0.0018331124930413,0.0018331124930413,0,21,0.0017799999999998928,0.0007155624652068119,0.4432343925609973,1,-1,1,0,0,0,1.0
2024-04-16,2024-04-16 10:00:00,2024-04-16 11:45:00,60,SFP,short,Tue,1,1.24459,1.2457200867228087,1.242329826554383,1.2411997398315744,0.0011300867228085654,0.0011300867228085654,0.0011300867228085654,0,7,0.00045000000000006146,0.0009004336140428017,0.5641407474298041,-1,-1,-1,0,0,0,1.0
2024-04-17,2024-04-17 10:00:00,2024-04-17 18:00:00,60,AOI-D,short,Wed,2,1.24536,1.2473795055526251,1.2413209888947498,1.2405,0.0020195055526250894,0.0020195055526250894,0.0020195055526250894,0,32,0.0030000000000001137,0.0009975277631262577,0.7976891653513717,-1,-1,-1,0,0,1,1.0
2024-04-18,2024-04-18 12:00:00,2024-04-18 18:00:00,60,AOI-W,short,Thu,3,1.24584,1.2476361283641,1.2422477432718002,1.2395535507256503,0.0017961283640999248,0.0017961283640999248,0.0017961283640999248,0,24,0.0025300000000001432,0.0007114676780559842,0.4795241223463919,-1,-1,-1,0,0,1,1.2
2024-04-19,2024-04-19 12:00:00,2024-04-19 13:30:00,60,AOI-W,short,Fri,4,1.24485,1.2465801027754584,1.2413897944490833,1.2387946402858958,0.0017301027754583753,0.0017301027754583753,0.0017301027754583753,0,6,0.0005900000000000905,0.0008336759181947712,0.8343453651203805,-1,-1,-1,0,0,1,1.0
2024-05-29,2024-05-29 11:00:00,2024-05-29 13:30:00,60,SFP,long,Wed,2,1.27482,1.2733693176591399,1.2777213646817205,1.2791720470225807,0.0014506823408602099,0.0014506823408602099,0.0014506823408602099,0,10,0.0007099999999999884,0.000703411704300481,0.3842987267313896,-1,1,-1,0,0,0,1.0
2024-05-30,2024-05-30 10:00:00,2024-05-30 12:30:00,60,SFP,short,Thu,3,1.27127,1.2723953612721803,1.269019277455639,1.2678939161834586,0.0011253612721804362,0.0011253612721804362,0.0011253612721804362,0,10,0.0009899999999998244,0.0007306719674185162,0.43974921940803985,1,1,-1,0,0,0,1.2
2024-05-31,2024-05-31 10:00:00,2024-05-31 12:30:00,60,SFP,short,Fri,4,1.27214,1.2728253598829744,1.2707692802340513,1.270083920351077,0.0006853598829743568,0.0006853598829743568,0.0006853598829743568,0,10,0.0014800000000001479,0.0005767994148723947,0.4010326444095024,1,1,-1,0,0,0,1.0
2024-06-04,2024-06-04 11:00:00,2024-06-04 17:45:00,60,SFP,long,Tue,1,1.27607,1.2743357180958435,1.2795385638083132,1.2812728457124698,0.0017342819041565871,0.0017342819041565871,0.0017342819041565871,1,27,0.003609999999999891,0.0009714095207820932,0.925477953466051,1,1,1,0,0,0,1.0
2024-06-06,2024-06-06 17:00:00,2024-06-06 17:15:00,60,AOI-D,short,Thu,3,1.27937,1.2796944479458394,1.2787211041083208,1.2755,0.0003244479458395233,0.0003244479458395233,0.0003244479458395233,1,1,0.0012599999999998168,0.0007685331076641298,0.6581712593857969,1,1,1,0,1,0,1.2
2024-06-11,2024-06-11 11:00:00,2024-06-11 12:00:00,60,SFP,short,Tue,1,1.2738,1.2744475029431195,1.2725049941137612,1.2718574911706417,0.0006475029431194379,0.0006475029431194379,0.0006475029431194379,0,4,0.00042000000000008697,0.0007875147155977256,0.5716772717260014,1,-1,1,0,0,0,1.0
2024-07-16,2024-07-16 17:00:00,2024-07-16 18:00:00,60,AOI-D,long,Tue,1,1.29589,1.2951678564511748,1.2973342870976503,1.29946,0.0007221435488251604,0.0007221435488251604,0.0007221435488251604,0,4,0.0002500000000000835,0.0005607177441257646,0.6405232966218645,1,1,1,1,0,1,1.0
2024-07-17,2024-07-17 10:00:00,2024-07-17 15:00:00,60,SFP,short,Wed,2,1.30325,1.3046055927325715,1.300538814534857,1.2991832218022856,0.0013555927325714645,0.0013555927325714645,0.0013555927325714645,1,20,0.003070000000000128,0.0008279636628574236,1.1724707094682854,1,1,1,0,0,0,1.0
2024-07-19,2024-07-19 10:00:00,2024-07-19 18:00:00,60,SFP,long,Fri,4,1.29187,1.2899386754909439,1.2957326490181125,1.2976639735271687,0.0019313245090561981,0.0019313245090561981,0.0019313245090561981,0,32,0.0009799999999999809,0.0006566225452809943,0.7323022470332469,1,-1,1,0,0,0,1.0
2024-07-23,2024-07-23 10:00:00,2024-07-23 18:00:00,60,AOI-W,long,Tue,1,1.29022,1.288511402518418,1.293637194963164,1.2962000911855371,0.0017085974815820304,0.0017085974815820304,0.0017085974815820304,0,32,0.0017400000000000748,0.0007286582719398533,0.585559385157074,1,-1,1,0,1,1,1.0
2024-07-24,2024-07-24 10:00:00,2024-07-24 11:30:00,60,SFP,short,Wed,2,1.29067,1.2911272338725164,1.2897555322549672,1.2892982983824508,0.0004572338725163938,0.0004572338725163938,0.0004572338725163938,0,6,0.0007099999999999884,0.0008361693625818137,0.5701401772695994,1,-1,1,0,0,0,1.0
2024-07-25,2024-07-25 10:00:00,2024-07-25 10:15:00,60,SFP,long,Thu,3,1.28748,1.286800212746409,1.2888395745071817,1.2895193617607725,0.0006797872535908578,0.0006797872535908578,0.0006797872535908578,1,1,0.0019100000000000783,0.0008324468899619839,0.6703084839641184,1,-1,1,0,0,0,1.2
2024-07-26,2024-07-26 10:00:00,2024-07-26 10:15:00,60,SFP,short,Fri,4,1.28724,1.2874772902773404,1.286765419445319,1.2865281291679787,0.0002372902773404295,0.0002372902773404295,0.0002372902773404295,1,1,0.0012999999999998568,0.0005864513867010048,0.3501647123091974,1,-1,1,0,0,0,1.0
2024-08-28,2024-08-28 10:00:00,2024-08-28 11:45:00,60,SFP,long,Wed,2,1.32175,1.3210855374709793,1.3230789250580413,1.323743387587062,0.0006644625290206374,0.0006644625290206374,0.0006644625290206374,0,7,0.0008600000000000829,0.001022312645103904,0.4969703386393139,1,1,1,0,0,0,1.0
2024-08-30,2024-08-30 12:00:00,2024-08-30 12:15:00,60,AOI-D,long,Fri,4,1.3155,1.3141752637908062,1.3181494724183873,1.32266,0.001324736209193711,0.001324736209193711,0.001324736209193711,1,1,0.003170000000000117,0.0007236810459689075,0.42637497236356503,1,1,1,0,1,0,1.0
2024-09-03,2024-09-03 11:00:00,2024-09-03 13:15:00,60,AOI-D,long,Tue,1,1.31219,1.3111138874483534,1.314342225103293,1.31546,0.0010761125516465242,0.0010761125516465242,0.0010761125516465242,1,9,0.0024100000000000232,0.0007805627582325155,0.5172330037586496,1,-1,1,1,0,1,1.0
2024-09-04,2024-09-04 10:00:00,2024-09-04 12:15:00,60,AOI-W,long,Wed,2,1.31123,1.3106589149644936,1.3123721700710125,1.313228797624272,0.0005710850355062913,0.0005710850355062913,0.0005710850355062913,0,9,0.0008100000000001994,0.0007702834516881768,0.3650921824010733,1,-1,1,0,0,1,1.0
2024-09-05,2024-09-05 11:00:00,2024-09-05 12:15:00,60,SFP,short,Thu,3,1.31593,1.317495242410115,1.3127995151797702,1.3112342727696553,0.0015652424101149087,0.0015652424101149087,0.0015652424101149087,0,5,0.00012999999999996348,0.0006885100421461071,0.4919654948508728,1,1,1,0,0,0,1.2
2024-09-10,2024-09-10 11:00:00,2024-09-10 12:15:00,60,AOI-W,long,Tue,1,1.30888,1.308288864394735,1.31006227121053,1.3109489746184275,0.0005911356052650252,0.0005911356052650252,0.0005911356052650252,0,5,0.0011200000000000099,0.0007037853508834658,0.7108866393432085,1,-1,1,0,0,1,1.0
2024-10-15,2024-10-15 10:00:00,2024-10-15 13:15:00,60,SFP,short,Tue,1,1.30814,1.3098362978770541,1.304747404245892,1.303051106368838,0.0016962978770540538,0.0016962978770540538,0.0016962978770540538,0,13,0.0007500000000000284,0.0009314893852709979,0.9087446659805601,-1,-1,1,0,0,0,1.0
2024-10-22,2024-10-22 10:00:00,2024-10-22 12:45:00,60,SFP,long,Tue,1,1.29765,1.2963743253297308,1.3002013493405382,1.3014770240108073,0.0012756746702691224,0.0012756746702691224,0.0012756746702691224,0,11,0.0008300000000001084,0.0009283733513451517,0.8266733998997452,1,-1,1,0,0,0,1.0
2024-10-24,2024-10-24 10:00:00,2024-10-24 11:00:00,60,SFP,short,Thu,3,1.2969,1.2977033605413641,1.2952932789172715,1.2944899183759073,0.0008033605413642064,0.0008033605413642064,0.0008033605413642064,0,4,0.0005599999999998939,0.0009306689223504854,0.9371317204119736,-1,-1,1,0,0,0,1.2
2024-11-27,2024-11-27 10:00:00,2024-11-27 10:15:00,60,SFP,short,Wed,2,1.26137,1.2620540358720322,1.2600019282559358,1.2593178923839037,0.0006840358720321404,0.0006840358720321404,0.0006840358720321404,1,1,0.0016100000000001113,0.0009201793601609116,0.4688039461162858,-1,-1,-1,0,0,0,1.0
2024-11-28,2024-11-28 11:00:00,2024-11-28 15:00:00,60,SFP,short,Thu,3,1.26661,1.267572117421959,1.264685765156082,1.2637236477341232,0.0009621174219589523,0.0009621174219589523,0.0009621174219589523,0,16,0.000660000000000105,0.0007588225914952056,0.33360050479933306,-1,1,-1,0,0,0,1.2
2024-11-29,2024-11-29 10:00:00,2024-11-29 13:45:00,60,SFP,long,Fri,4,1.26951,1.26799935743002,1.27253128513996,1.27404192770994,0.0015106425699800141,0.0015106425699800141,0.0015106425699800141,0,15,0.0007700000000001594,0.0010532128499011765,0.6420868074536105,-1,1,-1,0,0,0,1.0
2024-12-05,2024-12-05 10:00:00,2024-12-05 11:30:00,60,AOI-D,short,Thu,3,1.27195,1.27272400883559,1.2704019823288197,1.26295,0.0007740088355900898,0.0007740088355900898,0.0007740088355900898,0,6,0.00045999999999990493,0.0008917034816247343,0.5529051995569213,-1,1,-1,1,0,0,1.2
2025-01-08,2025-01-08 10:00:00,2025-01-08 11:00:00,60,SFP,long,Wed,2,1.24469,1.2432122943977693,1.2476454112044617,1.2491231168066925,0.0014777056022308166,0.0014777056022308166,0.0014777056022308166,0,4,0.0005199999999998539,0.004538528011153417,0.07776230036289541,-1,1,-1,0,0,0,1.0
2025-01-14,2025-01-14 10:00:00,2025-01-14 11:45:00,60,SFP,long,Tue,1,1.21871,1.2170535978117503,1.2220228043764993,1.223679206564749,0.0016564021882496949,0.0016564021882496949,0.0016564021882496949,0,7,0.0005699999999999594,0.0015320109412484003,0.6257870358322629,-1,-1,-1,0,0,0,1.0
2025-01-21,2025-01-21 11:00:00,2025-01-21 13:15:00,60,SFP,long,Tue,1,1.22356,1.2226593790703657,1.2253612418592685,1.2262618627889028,0.0009006209296342771,0.0009006209296342771,0.0009006209296342771,1,9,0.0025500000000000522,0.0012031046481724248,0.9903244735740168,-1,1,-1,0,0,0,1.0
2025-01-22,2025-01-22 11:00:00,2025-01-22 15:30:00,60,SFP,short,Wed,2,1.23558,1.2375015552702444,1.2317368894595109,1.2298153341892664,0.0019215552702445127,0.0019215552702445127,0.0019215552702445127,1,18,0.004170000000000007,0.0011577763512212525,0.6123135554412813,-1,1,-1,0,0,0,1.0
2025-02-27,2025-02-27 11:00:00,2025-02-27 13:45:00,60,SFP,short,Thu,3,1.26722,1.2690523277599506,1.2635553444800989,1.2617230167201483,0.0018323277599505694,0.0018323277599505694,0.0018323277599505694,1,11,0.004390000000000116,0.0008430323331272715,0.3746815098241025,1,1,-1,0,0,0,1.2
2025-02-28,2025-02-28 11:00:00,2025-02-28 15:30:00,60,AOI-D,long,Fri,4,1.25949,1.2581705288540932,1.2621289422918136,1.26885,0.0013194711459068031,0.0013194711459068031,0.0013194711459068031,1,18,0.0026600000000001067,0.0007473557295346842,0.3832421594325142,1,-1,-1,1,0,0,1.0
2025-03-04,2025-03-04 10:00:00,2025-03-04 10:15:00,60,AOI-D,short,Tue,1,1.27222,1.2730288821142073,1.2706022357715852,1.2582,0.0008088821142073765,0.0008088821142073765,0.0008088821142073765,1,1,0.0017999999999998018,0.0011944105710358277,0.6278028225453366,1,1,-1,0,0,1,1.0
2025-03-06,2025-03-06 10:00:00,2025-03-06 12:15:00,60,SFP,long,Thu,3,1.28733,1.286212733392222,1.2895645332155563,1.2906817998233344,0.0011172666077781113,0.0011172666077781113,0.0011172666077781113,1,9,0.0024100000000000232,0.0014052775324090955,0.5607749326170361,1,1,-1,0,0,0,1.2
2025-04-10,2025-04-10 10:00:00,2025-04-10 18:00:00,60,AOI-W,long,Thu,3,1.29128,1.287685404263687,1.298469191472626,1.3038610850770955,0.0035945957363130443,0.0035945957363130443,0.0035945957363130443,0,32,0.006569999999999965,0.001596099267535974,0.7162687816343695,1,1,1,0,0,1,1.2
2025-04-15,2025-04-15 10:00:00,2025-04-15 14:00:00,60,SFP,short,Tue,1,1.32406,1.3253881148692237,1.3214037702615526,1.320075655392329,0.0013281148692236844,0.0013281148692236844,0.0013281148692236844,1,16,0.002990000000000048,0.00124057434611879,0.8333192892912552,1,1,1,0,0,0,1.0
2025-05-28,2025-05-28 10:00:00,2025-05-28 18:00:00,60,SFP,short,Wed,2,1.34937,1.3521157286120133,1.3438785427759732,1.3411328141639598,0.0027457286120133872,0.0027457286120133872,0.0027457286120133872,0,32,0.0044199999999998685,0.0008786430600672428,0.6086842941061805,1,-1,1,0,0,0,1.0
2025-05-29,2025-05-29 10:00:00,2025-05-29 12:30:00,60,SFP,short,Thu,3,1.34726,1.3486177351148472,1.3445445297703054,1.343186794655458,0.0013577351148472694,0.0013577351148472694,0.0013577351148472694,0,10,0.0014699999999998603,0.0009905629785306506,0.5986482881004032,1,-1,1,0,0,0,1.2
2025-06-03,2025-06-03 10:00:00,2025-06-03 10:30:00,60,SFP,long,Tue,1,1.35054,1.3501933886140722,1.3512332227718558,1.3515798341577836,0.0003466113859278419,0.0003466113859278419,0.0003466113859278419,1,2,0.0014099999999999113,0.0008830569296393774,0.6324333673755657,1,1,1,0,0,0,1.0
2025-06-05,2025-06-05 11:00:00,2025-06-05 12:15:00,60,SFP,short,Thu,3,1.35704,1.3580232744680227,1.3550734510639546,1.354090176595932,0.0009832744680227101,0.0009832744680227101,0.0009832744680227101,0,5,0.00048000000000003595,0.0008053102834275972,0.5380348923357463,1,1,1,0,0,0,1.2
2025-07-15,2025-07-15 10:00:00,2025-07-15 11:15:00,60,SFP,short,Tue,1,1.34556,1.3460734648685595,1.3445330702628813,1.3440196053943219,0.0005134648685594101,0.0005134648685594101,0.0005134648685594101,1,5,0.001180000000000181,0.0007673243427979591,0.4589138560690379,1,-1,1,0,0,0,1.0
2025-07-22,2025-07-22 10:00:00,2025-07-22 14:45:00,60,SFP,short,Tue,1,1.34776,1.3500873959499757,1.3431052081000487,1.340777812150073,0.0023273959499756636,0.0023273959499756636,0.0023273959499756636,0,19,0.0006500000000000394,0.0007369797498788745,0.5143292889487325,-1,1,1,0,0,0,1.0
2025-07-23,2025-07-23 13:00:00,2025-08-22 18:00:00,60,AOI-D,short,Wed,2,1.35326,1.354894352800051,1.3499912943998977,1.34616,0.0016343528000510865,0.0016343528000510865,0.0016343528000510865,0,17,0.003169999999999895,0.0008717640002557797,0.4983295949150607,1,1,1,1,0,0,1.0
2025-08-26,2025-08-26 10:00:00,2025-08-26 11:00:00,60,SFP,short,Tue,1,1.34788,1.3483589844416812,1.3469220311166374,1.3464430466749562,0.00047898444168126275,0.00047898444168126275,0.00047898444168126275,0,4,0.0006800000000000139,0.0007949222084058825,0.9030764309483689,1,-1,1,0,0,0,1.0
2025-08-27,2025-08-27 11:00:00,2025-08-27 15:00:00,60,SFP,long,Wed,2,1.34305,1.34142561986215,1.3462987602757004,1.3479231404135505,0.0016243801378501566,0.0016243801378501566,0.0016243801378501566,1,16,0.004209999999999825,0.0009219006892507108,0.940119026258815,1,-1,1,0,0,0,1.0
2025-08-28,2025-08-28 10:00:00,2025-08-28 13:00:00,60,AOI-W,long,Thu,3,1.35211,1.3496912985348908,1.3569474029302182,1.360575455127882,0.002418701465109141,0.002418701465109141,0.002418701465109141,0,12,0.0005300000000001415,0.0007463929586370824,0.5608323349453155,1,1,1,0,1,1,1.2
2025-08-29,2025-08-29 10:00:00,2025-08-29 11:00:00,60,SFP,long,Fri,4,1.3462,1.3451788701088208,1.3482422597823587,1.349263389673538,0.0010211298911793065,0.0010211298911793065,0.0010211298911793065,0,4,0.00024999999999986144,0.0009056494558957674,0.8692566278106186,1,1,1,0,0,0,1.0
2025-09-05,2025-09-05 10:00:00,2025-09-05 12:00:00,60,SFP,short,Fri,4,1.3478,1.3486982041955704,1.3460035916088595,1.3451053874132892,0.0008982041955702957,0.0008982041955702957,0.0008982041955702957,1,8,0.0020700000000000163,0.000641020977851261,0.5088106434382553,-1,1,1,0,0,0,1.0
2025-10-08,2025-10-08 10:00:00,2025-10-08 13:15:00,60,SFP,short,Wed,2,1.34122,1.3429106127257584,1.3378387745484834,1.3361481618227251,0.0016906127257583226,0.0016906127257583226,0.0016906127257583226,0,13,0.001140000000000141,0.0009030636287923005,0.5762947306913242,1,-1,1,0,0,0,1.0
2025-10-15,2025-10-15 11:00:00,2025-10-15 15:00:00,60,AOI-D,short,Wed,2,1.33516,1.3368394388835834,1.331801122232833,1.32483,0.0016794388835834617,0.0016794388835834617,0.0016794388835834617,0,16,0.0016799999999999038,0.0008971944179175768,0.6708814710048785,-1,1,1,1,1,0,1.0
2025-10-16,2025-10-16 10:00:00,2025-10-16 13:15:00,60,SFP,short,Thu,3,1.34336,1.345012170496432,1.3400556590071364,1.3384034885107046,0.0016521704964318484,0.0016521704964318484,0.0016521704964318484,0,13,0.0012300000000000644,0.0008423770684665098,0.5692730711725267,-1,1,1,0,0,0,1.2
2025-10-21,2025-10-21 10:00:00,2025-10-21 13:45:00,60,SFP,long,Tue,1,1.33827,1.3363748552952441,1.342060289409512,1.3439554341142679,0.0018951447047559355,0.0018951447047559355,0.0018951447047559355,0,15,0.0011799999999999589,0.0008757235237786914,0.6768681443561174,1,-1,1,0,0,0,1.0
2025-10-22,2025-10-22 10:00:00,2025-11-21 12:00:00,60,SFP,long,Wed,2,1.33125,1.3303646570763146,1.333020685847371,1.3339060287710565,0.0008853429236854726,0.0008853429236854726,0.0008853429236854726,0,5,0.0006099999999999994,0.0009267146184263356,1.1100435276150626,-1,-1,1,0,0,0,1.0
2025-11-25,2025-11-25 10:00:00,2025-11-25 13:00:00,60,SFP,short,Tue,1,1.31299,1.314250212157514,1.3104695756849725,1.3092093635274586,0.001260212157513818,0.001260212157513818,0.001260212157513818,0,12,0.0020900000000001473,0.001001060787570155,0.5407549226613152,-1,-1,-1,0,0,0,1.0
2025-11-26,2025-11-26 11:00:00,2025-11-26 12:00:00,60,SFP,long,Wed,2,1.31727,1.3148753395658828,1.3220593208682343,1.3244539813023515,0.0023946604341171795,0.0023946604341171795,0.0023946604341171795,0,4,0.0028200000000000447,0.0009233021705861778,0.5021108873001285,-1,1,-1,0,0,0,1.0
2025-11-27,2025-11-27 13:00:00,2025-11-27 15:45:00,60,AOI-D,short,Thu,3,1.32432,1.3250413253416664,1.322877349316667,1.31243,0.0007213253416664678,0.0007213253416664678,0.0007213253416664678,0,11,0.0013999999999998458,0.0005471889236102527,0.6974770138067303,-1,1,-1,0,1,0,1.2
2025-11-28,2025-11-28 12:00:00,2025-11-28 15:45:00,60,AOI-D,long,Fri,4,1.32176,1.3199294983095256,1.325421003380949,1.32689,0.0018305016904744953,0.0018305016904744953,0.0018305016904744953,1,15,0.003670000000000062,0.0009025084523711662,0.5449103851993429,-1,-1,-1,1,0,0,1.0
2025-12-02,2025-12-02 12:00:00,2025-12-02 15:15:00,60,AOI-D,long,Tue,1,1.32092,1.319334160202788,1.3240916795944244,1.32755,0.001585839797212163,0.001585839797212163,0.001585839797212163,0,13,0.00039999999999995595,0.0008291989860596341,0.5931385204166177,-1,-1,-1,1,0,0,1.0
2025-12-03,2025-12-03 10:00:00,2025-12-03 11:15:00,60,SFP,short,Wed,2,1.32835,1.3291555457727864,1.326738908454427,1.3259333626816405,0.0008055457727864646,0.0008055457727864646,0.0008055457727864646,0,5,0.0004199999999998649,0.0009277288639323094,0.8649339234675253,-1,1,-1,0,0,0,1.0
2025-12-04,2025-12-04 12:00:00,2025-12-04 14:15:00,60,AOI-D,short,Thu,3,1.3349,1.3363769598561657,1.3319460802876686,1.32174,0.0014769598561656938,0.0014769598561656938,0.0014769598561656938,0,9,0.00266999999999995,0.0008206660673574592,0.47212121367685533,-1,1,-1,0,1,0,1.2
2026-01-07,2026-01-07 12:00:00,2026-01-07 13:00:00,60,AOI-D,long,Wed,2,1.34917,1.3484622593274054,1.3505854813451892,1.35678,0.0007077406725946034,0.0007077406725946034,0.0007077406725946034,0,4,0.00043999999999999595,0.0006887033629735607,0.3849057710815493,1,1,1,1,0,0,1.0
2026-01-08,2026-01-08 10:00:00,2026-01-08 13:30:00,60,AOI-W,long,Thu,3,1.34472,1.3432992625530475,1.3475614748939047,1.3496925810643332,0.0014207374469523693,0.0014207374469523693,0.0014207374469523693,0,14,0.0003300000000001635,0.000668715130423458,0.4268810297729514,1,-1,1,0,0,1,1.2
2026-01-09,2026-01-09 10:00:00,2026-01-09 13:00:00,60,SFP,long,Fri,4,1.34085,1.3402716214779296,1.3420067570441412,1.3425851355662117,0.000578378522070544,0.000578378522070544,0.000578378522070544,1,12,0.0016599999999999948,0.0006418926103528643,0.4378518381294341,1,-1,1,0,0,0,1.0
2026-01-16,2026-01-16 13:00:00,2026-01-16 15:15:00,60,AOI-W,long,Fri,4,1.34035,1.3386339329666894,1.343782134066621,1.3463562346165867,0.0017160670333105088,0.0017160670333105088,0.0017160670333105088,0,9,0.000460000000000127,0.0007535567777020814,0.6397383969546913,1,-1,1,0,0,1,1.0
2026-02-18,2026-02-18 10:00:00,2026-02-18 10:15:00,60,SFP,long,Wed,2,1.35661,1.356022372300117,1.3577852553997662,1.3583728830996493,0.0005876276998830754,0.0005876276998830754,0.0005876276998830754,1,1,0.0015999999999998238,0.002738138499415698,0.2115083173331271,1,-1,1,0,0,0,1.0
2026-02-20,2026-02-20 10:00:00,2026-02-20 13:15:00,60,SFP,short,Fri,4,1.34753,1.3484729090860397,1.3456441818279203,1.3447012727418806,0.0009429090860397782,0.0009429090860397782,0.0009429090860397782,0,13,0.0013599999999998058,0.0009645454301983128,0.572197996539053,1,-1,1,0,0,0,1.0
2026-02-24,2026-02-24 10:00:00,2026-02-24 15:15:00,60,SFP,short,Tue,1,1.34935,1.3507469455147247,1.3465561089705507,1.345159163455826,0.00139694551472469,0.00139694551472469,0.00139694551472469,0,21,0.0016899999999999693,0.0007347275736240824,0.45571422854052274,1,1,1,0,0,0,1.0
2026-02-25,2026-02-25 10:00:00,2026-02-25 11:00:00,60,SFP,long,Wed,2,1.35113,1.3504903272052369,1.352409345589526,1.3530490183842891,0.0006396727947630687,0.0006396727947630687,0.0006396727947630687,0,4,0.0008099999999999774,0.0008483639738149591,0.5858609814064261,1,1,1,0,0,0,1.0
2026-04-10,2026-04-10 10:00:00,2026-04-10 12:00:00,60,SFP,short,Fri,4,1.3437,1.3445921811509796,1.3419156376980406,1.341023456547061,0.0008921811509796651,0.0008921811509796651,0.0008921811509796651,0,8,0.00023999999999979593,0.0008109057548972766,0.3166527598564407,1,1,-1,0,0,0,1.0
2026-04-15,2026-04-15 11:00:00,2026-04-15 18:00:00,60,SFP,long,Wed,2,1.35544,1.3541525759523594,1.3580148480952812,1.3593022721429218,0.0012874240476405951,0.0012874240476405951,0.0012874240476405951,0,28,0.0024600000000001288,0.0009371202382033926,0.38668685688997295,1,1,1,0,0,0,1.0
2026-04-16,2026-04-16 10:00:00,2026-04-16 14:15:00,60,SFP,long,Thu,3,1.3544,1.3529766354138546,1.357246729172291,1.3586700937584364,0.001423364586145448,0.001423364586145448,0.001423364586145448,0,17,0.0010900000000000354,0.0007640191089389617,0.7026210132543945,1,1,1,0,0,0,1.2
2026-05-20,2026-05-20 10:00:00,2026-05-20 10:15:00,60,SFP,short,Wed,2,1.33967,1.3401007121591808,1.3388085756816381,1.3383778635224572,0.00043071215918089045,0.00043071215918089045,0.00043071215918089045,1,1,0.0009299999999998754,0.0010535607959034515,0.28009973229963975,1,-1,1,0,0,0,1.0
2026-05-21,2026-05-21 10:00:00,2026-05-21 12:15:00,60,SFP,long,Thu,3,1.34244,1.3413063532612177,1.3447072934775648,1.3458409402163471,0.0011336467387823568,0.0011336467387823568,0.0011336467387823568,0,9,0.0018799999999998818,0.000890194744926332,0.4985783269375163,1,-1,1,0,0,0,1.2
2026-05-22,2026-05-22 13:00:00,2026-05-22 18:00:00,60,AOI-D,short,Fri,4,1.34375,1.3464956780315134,1.3382586439369732,1.33919,0.0027456780315133766,0.0027456780315133766,0.0027456780315133766,0,20,0.0019499999999998963,0.0010283901575674306,0.663511892529258,-1,-1,1,0,1,0,1.0
2026-07-07,2026-07-07 10:00:00,2026-07-07 14:00:00,60,SFP,long,Tue,1,1.33849,1.3368067615108876,1.3418564769782246,1.343539715467337,0.0016832384891123375,0.0016832384891123375,0.0016832384891123375,0,16,0.0009300000000000974,0.0006661924455619934,0.5717671197004753,-1,-1,-1,0,0,0,1.0
2026-07-08,2026-07-08 10:00:00,2026-07-08 11:15:00,60,AOI-D,long,Wed,2,1.33458,1.3338387665023712,1.3360624669952579,1.34018,0.0007412334976288903,0.0007412334976288903,0.0007412334976288903,0,5,0.0011299999999998533,0.0011061674881443404,0.7916663209645813,-1,-1,-1,1,1,1,1.0
2026-07-09,2026-07-09 10:00:00,2026-07-09 17:15:00,60,AOI-D,short,Thu,3,1.33958,1.3414699182254346,1.3358001635491308,1.3322,0.0018899182254346059,0.0018899182254346059,0.0018899182254346059,0,29,0.0015099999999999003,0.0007079926059777901,0.7433609771279633,-1,1,-1,1,0,0,1.2
2026-07-10,2026-07-10 12:00:00,2026-07-10 18:00:00,60,AOI-D,short,Fri,4,1.34211,1.3438810215181562,1.3385679569636872,1.33807,0.001771021518156335,0.001771021518156335,0.001771021518156335,0,24,0.0029199999999998116,0.0009051075907817645,0.7258261759554865,-1,1,-1,1,0,0,1.0
2026-07-15,2026-07-15 10:00:00,2026-07-15 13:45:00,60,SFP,long,Wed,2,1.33996,1.337949471419781,1.343981057160438,1.345991585740657,0.0020105285802189954,0.0020105285802189954,0.0020105285802189954,1,15,0.0049799999999999844,0.0006026429010948662,0.4489888087431489,-1,1,1,0,0,0,1.0
2026-07-16,2026-07-16 11:00:00,2026-07-16 14:45:00,60,SFP,long,Thu,3,1.35066,1.3492326814335829,1.3535146371328342,1.3549419556992512,0.0014273185664170907,0.0014273185664170907,0.0014273185664170907,0,15,0.001060000000000061,0.0005721606934041133,0.5905218329954617,-1,1,1,0,0,0,1.2
2026-07-17,2026-07-17 11:00:00,2026-07-17 18:00:00,60,SFP,long,Fri,4,1.34385,1.3426396469085213,1.3462707061829573,1.347481059274436,0.0012103530914786553,0.0012103530914786553,0.0012103530914786553,0,28,0.0021400000000000308,0.0007017654573934553,0.7175614807610957,1,1,1,0,0,0,1.0
