date,signal_time,h4b,h1b,hdb,h4_slope,orb_range_atr,asian_range_atr,breaks_asian_lo,breaks_pdl,pre_frb_mom,ret4bar,dow,month,adr_at_frb,entry,sl,tp1,sl_dist,reward,bars_held,win,rng_bin
2020-01-29,2020-01-29 08:00:00,-1,-1,1,-1,1.1052783039512835,8.69683192227324,0,1,-0.3836307243680408,-0.7866001217195511,2,1,8.852692300928693,1568.47998,1570.78003,1567.52979,2.3000499999998283,0.9501900000000205,2,1,>1.0
2020-02-04,2020-02-04 12:30:00,-1,-1,1,-1,1.2267500857062312,6.056836674033121,0,0,0.7358900366779038,-1.8439210339189227,1,2,7.226536708009605,1575.28967,1578.48999,1573.85009,3.200320000000147,1.439579999999978,16,1,>1.0
2020-02-05,2020-02-05 08:30:00,-1,-1,1,-1,1.3034966839809494,12.96280366357563,0,1,0.802990768581968,-1.4379918074086118,2,2,10.591817105983942,1552.30054,1554.995,1550.76134,2.6944599999999355,1.539199999999937,9,0,>1.0
2020-02-06,2020-02-06 07:30:00,-1,1,-1,-1,0.9143063284410081,9.59553583446063,0,0,-0.48436201428528375,-0.5538743244233624,3,2,6.019150007462853,1556.73779,1558.34998,1556.0001200000002,1.612190000000055,0.7376699999997527,5,1,0.7-1.0
2020-02-12,2020-02-12 08:00:00,-1,1,1,-1,1.1214692950206788,11.059612276406872,0,0,0.6012823884564772,-0.9917947849025786,2,2,11.8512049668245,1568.18079,1570.05005,1567.19995,1.8692600000001676,0.9808399999999438,5,1,>1.0
2020-02-27,2020-02-27 07:30:00,-1,1,1,-1,1.6365355019411336,7.396619789681909,0,0,0.6448017261769575,-1.4438084983829402,3,2,9.440668837103484,1643.36121,1649.39502,1638.00488,6.033809999999903,5.356330000000071,1,1,>1.0
2020-02-28,2020-02-28 15:00:00,-1,-1,1,1,1.5069050730627698,6.759035810889089,1,0,-1.2385954725500712,-1.2987356928661418,4,2,6.433963978656885,1637.90002,1643.92981,1633.6602699999999,6.029790000000048,4.2397500000001855,7,1,>1.0
2020-02-29,2020-02-29 07:45:00,-1,-1,1,-1,1.1355004052805207,8.479431975612302,0,1,1.1630356518131086,-0.5892031173735567,5,2,9.774107348589327,1578.71997,1588.7406720947533,1570.229982,10.020702094753233,8.48998800000004,4,0,>1.0
2020-03-03,2020-03-03 07:30:00,-1,-1,-1,-1,1.2480737830364308,4.05634602015374,0,0,0.5439044921332661,-1.9804280692652299,1,3,4.5488687415842195,1591.42004,1597.44995,1589.6301300000002,6.029909999999973,1.789909999999736,1,1,>1.0
2020-03-12,2020-03-12 07:45:00,-1,-1,1,-1,0.7202545689232103,7.821525425701797,0,1,-0.6121062747316779,-0.2692155704998981,3,3,4.64358621343119,1635.15002,1639.03003,1632.2700100000002,3.8800099999998565,2.8800099999998565,1,0,0.7-1.0
2020-03-13,2020-03-13 12:15:00,-1,-1,1,-1,0.7907202095856323,8.035352486364111,0,1,-1.2135560499647966,-2.58585299246005,4,3,8.861151817803844,1562.58997,1572.0451152998526,1561.0299099999997,9.455145299852575,1.5600600000002487,1,1,0.7-1.0
2020-03-17,2020-03-17 12:45:00,-1,-1,-1,-1,1.4098456439559273,7.127002953469976,0,0,0.23024904127746024,-2.5873385219346123,1,3,11.466649829517156,1492.71997,1510.581170084292,1482.80994,17.861200084291795,9.910030000000006,19,1,>1.0
2020-03-18,2020-03-18 16:30:00,-1,1,-1,-1,1.2552201109613506,20.65581061493457,0,0,0.27767039412450156,-1.1221576631144945,2,3,6.532075162217378,1524.30005,1531.66003,1522.4798700000001,7.3599799999999505,1.8201799999999366,1,1,>1.0
2020-03-19,2020-03-19 09:30:00,-1,-1,-1,-1,1.6437157034330765,6.325444995654366,0,0,-0.1863825446017794,-0.340504766354515,3,3,6.493911023831326,1483.55005,1496.5936258402535,1472.42004,13.043575840253425,11.130010000000084,5,0,>1.0
2020-03-20,2020-03-20 09:00:00,-1,-1,-1,-1,0.7598225148118476,4.390953434748731,1,1,-0.44186166660721415,-1.2408359856470539,4,3,6.928394141042251,1463.69995,1473.2433050691654,1463.30994,9.5433550691655,0.3900099999998474,1,1,0.7-1.0
2020-04-02,2020-04-02 12:00:00,-1,1,1,-1,0.8990722000881889,7.096475316860599,0,0,-0.4147059933804882,-2.285870067945422,3,4,5.364948099553193,1585.62,1590.64001,1584.7200899999998,5.020010000000184,0.8999100000000908,1,1,0.7-1.0
2020-10-07,2020-10-07 09:00:00,-1,-1,1,-1,1.1059775589897676,6.96528501746621,1,1,-1.963947536129564,-1.569520597813293,2,10,14.2532694414824,1878.52002,1889.60999,1878.23009,11.089969999999994,0.289929999999913,1,1,>1.0
2020-10-08,2020-10-08 11:00:00,-1,-1,1,-1,1.1756449174378067,8.25878177215063,0,0,1.0515653733620456,-0.7375328408187403,3,10,4.267482297436891,1886.10999,1888.93994,1885.21998,2.8299500000000535,0.8900099999998474,5,1,>1.0
2020-10-13,2020-10-13 20:15:00,-1,1,1,1,0.30079780573927706,2.630998194053278,0,0,0.14036188168772018,0.28875787223482624,1,10,4.008299259573356,1922.59998,1923.98999,1921.98999,1.3900100000000748,0.6099899999999252,1,1,0.3-0.5
2020-10-14,2020-10-14 07:45:00,-1,-1,1,-1,1.2115858601581122,12.318543921708677,0,1,-0.768549642441331,-1.040753759004586,2,10,8.197650852853675,1891.18005,1894.34998,1889.30994,3.169930000000022,1.8701099999998405,12,0,>1.0
2020-10-15,2020-10-15 09:30:00,-1,-1,-1,-1,1.6332070523920907,7.17636627330938,1,0,-1.5959314143248502,-0.750045206561661,3,10,3.8405303876339243,1899.18005,1902.76001,1896.11987,3.5799600000000282,3.0601799999999457,9,1,>1.0
2020-10-23,2020-10-23 07:30:00,-1,-1,1,-1,0.848441989684352,8.756852848931581,0,0,0.6476953064142551,-0.3821143229721663,4,10,5.445154920978534,1903.84998,1905.96997,1902.85009,2.1199900000001435,0.9998900000000503,4,0,0.7-1.0
2020-10-24,2020-10-24 07:45:00,-1,-1,-1,-1,0.9578986473626641,10.831031289986191,0,0,1.0392250576659992,-1.4273818022694942,5,10,10.831031289986191,1901.56006,1904.39001,1900.8299699999998,2.8299500000000535,0.7300900000002457,1,1,0.7-1.0
2020-10-28,2020-10-28 18:45:00,-1,1,-1,1,1.1716343870833061,5.858153139143416,0,0,-0.15663561324644043,-0.21300563774156558,2,10,2.165012947927511,1906.14001,1908.78003,1904.5400300000001,2.640019999999822,1.5999799999999595,2,1,>1.0
2020-11-10,2020-11-10 07:45:00,-1,-1,1,-1,0.7401076473737332,15.624458763747777,0,1,1.4062555736769804,-0.28584453431447027,1,11,17.610200390844334,1865.64001,1869.70996,1863.4101600000001,4.069949999999835,2.229849999999942,4,1,0.7-1.0
2020-11-11,2020-11-11 07:45:00,-1,-1,-1,-1,1.2948938907517322,4.472894081417753,1,0,0.05730748004563343,-1.7150570707863062,2,11,4.366644119020449,1872.85999,1878.13,1870.84998,5.270010000000184,2.0100099999999657,4,0,>1.0
2020-11-13,2020-11-13 07:30:00,-1,1,-1,1,1.1036230510891676,9.005948069934817,0,0,-0.5655894145579254,-0.809631902708171,4,11,6.440510471674135,1875.15002,1877.68005,1873.19983,2.530029999999897,1.9501900000000205,13,0,>1.0
2020-11-19,2020-11-19 07:30:00,-1,-1,-1,-1,1.4319742621403042,8.041665236909306,0,0,0.6013049471168747,-1.824379260677837,3,11,5.712679183141594,1869.85999,1874.71997,1868.60009,4.859980000000178,1.259900000000016,12,1,>1.0
2020-11-20,2020-11-20 10:00:00,-1,1,-1,-1,0.7860811950355482,7.54214704756268,0,0,0.8015045249539723,-1.7673944143541451,4,11,7.367488188076425,1863.70996,1865.92004,1862.3599800000002,2.2100800000000618,1.3499799999997322,2,1,0.7-1.0
2020-11-24,2020-11-24 07:45:00,-1,-1,-1,-1,1.2674405268095301,18.553548447357272,0,1,-0.6873675337589187,-0.9895978769052864,1,11,10.592919103830857,1836.099976,1840.98999,1835.2900300000001,4.890014000000065,0.8099459999998544,8,1,>1.0
2020-11-25,2020-11-25 15:00:00,-1,-1,-1,-1,1.1034389995701817,5.833776241716156,0,1,-0.8613243724547472,-2.295316447390593,2,11,5.274112285747615,1802.76001,1806.43005,1801.19007,3.6700399999999718,1.5699399999998604,10,0,>1.0
2020-11-26,2020-11-26 08:00:00,-1,-1,-1,-1,1.143887678082555,7.39981161711875,0,0,0.25723064491120434,-1.3737850356052783,3,11,9.637756244049061,1805.90002,1809.33997,1804.66003,3.4399499999999534,1.2399900000000343,4,0,>1.0
2020-12-01,2020-12-01 07:45:00,-1,1,-1,-1,1.9022081396227826,8.362127939495856,0,0,0.7532949042595845,-2.140637417034416,1,12,5.669861985058323,1776.56995,1781.83997,1773.35999,5.270019999999931,3.2099600000001374,19,0,>1.0
2020-12-11,2020-12-11 17:00:00,-1,1,1,-1,1.1699728237783005,13.170597346604195,0,0,1.2903463134475632,-2.567227911083283,4,12,6.140694284865406,1834.34998,1836.73999,1832.73999,2.390010000000075,1.6099899999999252,2,0,>1.0
2020-12-22,2020-12-22 17:30:00,-1,-1,1,1,1.7601728606480078,5.570753955683172,0,0,0.3207116897075963,-0.9698340434920424,1,12,5.7043964384570165,1873.069946,1879.16003,1869.4400679999999,6.090083999999933,3.62987800000019,1,1,>1.0
2020-12-23,2020-12-23 07:30:00,-1,-1,1,-1,1.1600308039091818,7.85083228453053,1,1,0.9317689473564026,-0.6623519259915474,2,12,8.898752595941,1860.13,1865.33997,1858.64001,5.209969999999885,1.4899900000000343,14,0,>1.0
2020-12-29,2020-12-29 08:00:00,-1,-1,1,-1,1.5040426869438652,10.80026281584375,0,0,0.04529139402234524,-0.43494670187235707,1,12,9.608302442336383,1872.82996,1876.71997,1869.58007,3.890010000000075,3.2498900000000503,7,0,>1.0
2021-01-07,2021-01-07 08:15:00,-1,-1,1,-1,1.4966264353927317,10.170323952649138,0,1,1.6783265195550132,-1.1977790157628947,3,1,12.531399486970145,1918.069946,1924.84998,1911.829952,6.780033999999887,6.239994000000024,33,0,>1.0
2021-01-08,2021-01-08 07:45:00,-1,-1,1,-1,1.741703730962846,5.494612712761893,0,0,0.6718762554681071,-1.4977560692829297,4,1,4.194345090044185,1913.65002,1918.66003,1910.019902,5.010009999999966,3.6301180000000386,17,1,>1.0
2021-01-12,2021-01-12 07:45:00,-1,-1,-1,-1,1.1353136322431592,9.261357613862888,0,0,-0.14554577872820973,-0.8941263363085534,1,1,8.655837689751047,1844.78003,1848.03003,1842.0700700000002,3.25,2.7099599999996826,5,0,>1.0
2021-01-13,2021-01-13 20:00:00,-1,1,-1,-1,1.262298692995757,7.793186332666922,0,0,2.3726924951343946,-2.379490025522645,2,1,9.505950403531514,1850.13,1856.80005,1848.82007,6.6700499999999465,1.3099300000001222,3,0,>1.0
2021-01-16,2021-01-16 07:45:00,-1,-1,-1,-1,1.284303793211618,11.012009741938757,0,1,-0.05667672713033824,-1.2438453046045646,5,1,13.267553971839707,1825.48999,1829.31995,1822.48009,3.8299600000000282,3.009900000000016,5,0,>1.0
2021-01-23,2021-01-23 07:30:00,-1,-1,1,-1,0.7532776639136786,11.150327850637352,0,0,-0.3819169316977124,-1.4799473395862408,5,1,11.74329364833986,1855.15002,1857.18005,1853.83997,2.030029999999897,1.3100500000000466,2,1,0.7-1.0
2021-01-27,2021-01-27 08:30:00,-1,-1,1,-1,1.5260879591033623,8.684030125442497,0,0,-0.10783201141934101,-1.8495748698158165,2,1,3.5892365245137094,1850.78003,1853.38,1849.2000779999998,2.599970000000212,1.5799520000000484,3,1,>1.0
2021-01-28,2021-01-28 11:00:00,-1,-1,-1,-1,0.99071241040244,7.372884707358045,0,0,-1.647342200512228,-1.8240158422073094,3,1,8.880360072841741,1838.089966,1843.08997,1837.43005,5.00000399999999,0.6599160000000666,5,1,0.7-1.0
2021-01-29,2021-01-29 11:45:00,-1,-1,-1,-1,1.6851462525965346,14.225480749831654,0,0,1.376475951297769,-1.518608700491266,4,1,7.214516963273738,1840.81995,1845.18005,1837.7999300000001,4.360099999999875,3.0200199999999313,18,0,>1.0
2021-02-03,2021-02-03 07:30:00,-1,-1,1,-1,0.8069030441197862,7.131504035974384,0,1,0.8455368297823105,-0.7875571614544333,2,2,6.938742140236126,1835.52002,1837.89001,1834.0499300000001,2.3699900000001435,1.4700899999998,5,0,0.7-1.0
2021-02-05,2021-02-05 07:45:00,-1,-1,-1,-1,0.8706554406390675,16.604447756754343,0,1,1.2361646813453782,-0.7215137404056141,4,2,13.937000135846842,1793.63,1796.26001,1792.13989,2.6300099999998565,1.4901100000001861,9,0,0.7-1.0
2021-02-12,2021-02-12 12:00:00,-1,-1,1,-1,1.180208374516572,15.73628849457439,0,1,-0.6199375336276178,-3.0399494468968222,4,2,11.860513991901707,1822.77002,1826.26001,1821.8000499999998,3.4899900000000343,0.969970000000103,4,1,>1.0
2021-02-25,2021-02-25 16:00:00,-1,-1,-1,-1,1.7466856153981947,14.08062505627306,0,0,-0.21411123099217289,-0.2817253039371573,3,2,7.129661136999313,1796.88,1800.83997,1794.14001,3.9599699999998847,2.7399900000000343,3,0,>1.0
2021-02-26,2021-02-26 07:45:00,-1,-1,-1,-1,0.828246341467382,5.888998195348526,0,1,-1.1979677913537974,-0.9002782004726881,4,2,7.594541576473815,1769.66003,1774.34998,1766.9500600000001,4.689949999999953,2.7099699999998847,2,0,0.7-1.0
2021-03-02,2021-03-02 12:15:00,-1,-1,-1,-1,1.2922359720412104,6.015077390291732,1,1,0.4244187241884579,-1.9924099041100858,1,3,9.19434459079242,1718.96997,1725.05005,1714.9899899999998,6.080079999999953,3.979980000000296,1,1,>1.0
2021-03-04,2021-03-04 08:30:00,-1,-1,-1,-1,1.2656878109601173,9.913060832929906,0,1,-1.0075616725154515,-0.5828332411951405,3,3,8.380565632971784,1713.30005,1717.72998,1711.1499,4.429930000000013,2.150150000000167,1,1,>1.0
2021-03-05,2021-03-05 10:45:00,-1,-1,-1,-1,1.327214849655046,11.015797153989622,0,1,2.61018273845281,-1.037959106004346,4,3,11.570882482385763,1694.38,1699.85999,1691.55993,5.479989999999816,2.8200700000002143,1,1,>1.0
2021-03-06,2021-03-06 07:30:00,-1,1,-1,-1,0.40879772817332183,9.48225125795746,0,0,0.15504241194030172,-0.31954355752207375,5,3,10.569944265756165,1698.22998,1699.81995,1697.5799499999998,1.5899699999999939,0.6500300000002426,1,0,0.3-0.5
2021-03-09,2021-03-09 07:30:00,-1,-1,-1,-1,1.5117330581165904,10.150803605788846,0,1,2.431179366079243,-0.5870243109768314,1,3,6.443487017793975,1682.35999,1685.98999,1679.66993,3.630000000000109,2.690059999999903,18,0,>1.0
2021-03-19,2021-03-19 10:30:00,-1,1,-1,1,0.9628878395313808,8.052795058848504,0,0,-0.1970917064869903,-1.3973719983896733,4,3,6.533557677148794,1732.98999,1736.93994,1732.1401400000002,3.9499499999999443,0.849849999999833,3,1,0.7-1.0
2021-03-24,2021-03-24 07:45:00,-1,-1,-1,-1,0.5904076930986836,11.547861021818866,0,1,0.08968424376133664,-0.19433953013046235,2,3,8.095658425919087,1726.96997,1728.569946,1726.4901139999997,1.5999759999999696,0.47985600000038175,6,1,0.5-0.7
2021-03-26,2021-03-26 13:30:00,-1,-1,-1,-1,0.839161002839822,12.545039269393035,0,0,-2.0097156361462365,-1.6195949001146064,4,3,9.159328026677516,1725.030029,1728.44995,1724.8100500000003,3.419920999999931,0.21997899999973924,1,1,0.7-1.0
2021-03-30,2021-03-30 10:30:00,-1,-1,-1,-1,0.775899156787653,18.041870721178878,0,1,0.6511310050236587,-1.5695369736078955,1,3,5.305216127561684,1710.81006,1712.29004,1710.0500399999999,1.4799800000000687,0.7600200000001678,3,0,0.7-1.0
2021-10-08,2021-10-08 07:30:00,-1,-1,-1,1,0.5784927959850097,7.102403170083215,0,0,-0.2699830159614761,-0.0899921961353851,4,10,2.7051325639812283,1754.81995,1756.68005,1754.3800099999999,1.8600999999998749,0.43994000000020606,1,1,0.5-0.7
2021-10-12,2021-10-12 10:00:00,-1,-1,-1,-1,1.067943633908257,12.226204756355886,0,0,-2.516361904686151,-1.0312390940889862,1,10,3.357254874279268,1753.19995,1754.68994,1752.4499600000001,1.4899900000000343,0.7499899999997979,4,1,>1.0
2021-10-19,2021-10-19 09:30:00,-1,-1,1,-1,1.0775571534690045,10.34969344204729,0,0,-2.0800102059847454,-1.027387513793247,1,10,3.2471366001773156,1763.90002,1765.34998,1763.13,1.449959999999919,0.7700199999999313,3,1,>1.0
2021-10-20,2021-10-20 09:45:00,-1,-1,-1,-1,1.0512858101898126,21.94313109946166,0,0,-0.4890059650133673,-0.07340835008017726,2,10,7.012192912786921,1769.12,1770.68994,1768.46998,1.5699400000000878,0.6500199999998131,2,1,>1.0
2021-11-02,2021-11-02 19:00:00,-1,1,1,1,0.7057632625563405,6.025920426058297,0,0,-0.06634551062230434,-2.111185445751642,1,11,4.06395946425589,1792.25,1794.16003,1791.31995,1.9100300000000061,0.9300499999999374,2,1,0.7-1.0
2021-11-03,2021-11-03 09:15:00,-1,-1,1,-1,1.0546988398871953,8.159205763281975,0,0,1.1937754206442555,-0.614289667489311,2,11,2.4465810897887286,1787.33997,1788.91003,1786.58997,1.5700600000000122,0.75,8,1,>1.0
2021-11-04,2021-11-04 07:45:00,-1,-1,1,-1,0.892045256490881,6.675914164610698,0,1,0.18857273056492932,-1.3490010562037595,3,11,5.78457485707256,1769.81995,1774.64001,1769.2200899999998,4.820060000000012,0.5998600000002625,2,0,0.7-1.0
2021-11-19,2021-11-19 19:15:00,-1,-1,1,1,1.2405315777517547,6.485078193844304,0,1,-0.5648959910439209,-1.705703228971855,4,11,4.4319778743233735,1855.60999,1859.62,1854.6400000000003,4.010009999999966,0.9699899999995978,1,1,>1.0
2021-11-20,2021-11-20 08:45:00,-1,-1,1,-1,2.018920041418579,14.200950614748756,0,1,0.43885267241321696,-0.7397881191118975,5,11,14.200950614748756,1845.76001,1850.18005,1843.2398699999999,4.420039999999972,2.520140000000083,1,1,>1.0
2021-11-23,2021-11-23 19:45:00,-1,-1,1,-1,0.8461220101711073,13.870538056516908,1,1,-0.6048853495800065,-2.3601304808187438,1,11,15.011828837157362,1801.079956,1805.93994,1800.6000999999999,4.85998399999994,0.4798560000001544,1,1,0.7-1.0
2021-11-24,2021-11-24 22:45:00,-1,-1,1,-1,1.6760297012338892,5.274858599792519,0,1,-0.4469263554964962,-0.9777340409126023,2,11,7.698195044546117,1787.32996,1791.95996,1784.26002,4.629999999999882,3.069940000000088,5,1,>1.0
2021-12-01,2021-12-01 08:00:00,-1,-1,-1,-1,1.527617749592639,15.655932980171968,0,1,-0.26269563092559944,-0.06062735343210026,2,12,15.8985480729967,1772.48999,1776.81006,1768.7499999999998,4.320069999999987,3.7399900000002617,4,0,>1.0
2021-12-02,2021-12-02 15:00:00,-1,-1,-1,-1,2.753281029528561,9.670145285455554,1,0,-0.5551439300500676,-1.7254151521836119,3,12,7.001011153274644,1777.78003,1782.64001,1774.7999300000001,4.859980000000178,2.9800999999997657,16,1,>1.0
2021-12-04,2021-12-04 07:45:00,-1,1,-1,1,1.3036165866907472,8.035882577099517,0,0,-0.049099688984026515,-0.4598444517160549,5,12,10.319304885786321,1783.030029,1786.65002,1780.30994,3.6199910000000273,2.7200889999999163,17,0,>1.0
2021-12-07,2021-12-07 14:45:00,-1,1,-1,1,1.2155892463202165,7.7509962877347265,0,0,-0.36214544585832203,-2.1985739315553614,1,12,6.010091224461475,1777.71997,1780.07996,1776.76012,2.359989999999925,0.9598500000001877,8,0,>1.0
2021-12-10,2021-12-10 07:30:00,-1,-1,-1,-1,0.4960099194858978,7.0894853513177285,0,0,-1.589988771243026,-0.24795755051598328,4,12,7.893256837383851,1775.62,1777.13,1775.2698999999998,1.5100000000002183,0.3501000000001113,2,1,0.3-0.5
2021-12-15,2021-12-15 08:45:00,-1,-1,-1,-1,1.9419790874986893,22.180240862877277,0,1,1.029475983439719,-0.3158817570804508,2,12,12.166448494750023,1770.91003,1773.18005,1769.35999,2.2700199999999313,1.550040000000081,7,0,>1.0
2021-12-22,2021-12-22 16:00:00,-1,-1,1,-1,2.0402283400659758,20.78046761971361,0,1,-0.16212276642195397,-1.28351130896193,2,12,11.044922457289161,1787.76001,1790.18005,1786.66003,2.4200399999999718,1.0999799999999595,8,1,>1.0
2021-12-30,2021-12-30 11:45:00,-1,1,1,1,0.8142113499498476,11.93087028842932,0,0,0.1406688966319272,-0.8289369543243852,3,12,14.260497848795548,1803.51001,1805.68005,1802.9798620000001,2.1700399999999718,0.5301479999998264,1,1,0.7-1.0
2022-01-06,2022-01-06 12:00:00,-1,-1,-1,-1,2.6797012620777094,10.115343869796,1,0,-6.441894102476085,-0.02367941084745178,3,1,7.650308827506771,1809.34998,1814.77002,1805.2099600000001,5.420039999999972,4.140019999999822,16,1,>1.0
2022-01-08,2022-01-08 07:30:00,-1,1,-1,-1,1.4023602073861565,9.437819331947521,0,0,0.1597037882684717,-1.4201270319381034,5,1,11.406679676020635,1794.78003,1797.93994,1792.6999520000002,3.1599100000000817,2.0800779999997303,10,1,>1.0
2022-01-15,2022-01-15 08:00:00,-1,-1,1,-1,1.499626754074034,8.693899613478441,0,0,0.6890405193272521,-0.7498099994536481,5,1,10.634268869316418,1816.56006,1819.44995,1814.5100100000002,2.889889999999923,2.0500499999998283,12,1,>1.0
2022-01-19,2022-01-19 07:30:00,-1,-1,1,-1,1.0347009129640832,7.8012338545294755,0,0,0.2901675775379266,-1.2043791179375463,2,1,9.304216120476255,1813.42004,1815.82996,1811.54992,2.4099200000000565,1.8701200000000426,21,1,>1.0
2022-01-27,2022-01-27 13:00:00,-1,-1,1,-1,2.266263992691322,14.608760737167609,1,1,-4.311324345999056,-1.3633735688717543,3,1,13.558136338631764,1815.079956,1821.15002,1810.6099800000002,6.070064000000002,4.4699759999998605,19,1,>1.0
2022-01-28,2022-01-28 20:00:00,-1,-1,1,-1,1.540387981873906,11.640176893188729,1,1,-0.9329626228058828,-1.6467840039057424,4,1,7.372824121584976,1791.12,1795.29004,1789.86988,4.170040000000199,1.2501199999999244,6,1,>1.0
2022-02-01,2022-02-01 14:30:00,-1,1,-1,-1,2.54911677054449,10.166210533195963,0,0,0.6145918186203984,-1.9143549268136275,1,2,5.903387544849096,1796.030029,1799.79004,1794.2299799999998,3.760011000000077,1.8000490000001719,6,0,>1.0
2022-02-02,2022-02-02 16:00:00,-1,-1,-1,-1,2.86524972883428,14.420305069394086,1,0,-1.8832929012585364,-1.0761988878252773,2,2,9.017785068164876,1797.58997,1801.29004,1796.53002,3.700070000000096,1.0599500000000717,9,1,>1.0
2022-02-04,2022-02-04 07:45:00,-1,1,-1,1,0.9334866745118529,13.95771536988083,0,0,-0.20746206257368205,0.0,4,2,13.821336063039043,1805.15002,1806.92004,1803.90002,1.7700199999999313,1.25,13,0,0.7-1.0
2022-02-16,2022-02-16 11:00:00,-1,-1,1,1,2.911282143768821,9.553427482112257,0,0,-0.5385978895676266,-1.3347324565858996,2,2,6.933293091598249,1852.18994,1856.81995,1848.85999,4.630010000000084,3.3299500000000535,28,0,>1.0
2022-02-26,2022-02-26 08:00:00,-1,-1,1,-1,1.0380657083857396,6.477049805896693,0,0,1.6792108551739617,-1.3477259431420228,5,2,7.226270977100623,1888.98999,1893.42004,1888.1600400000002,4.430049999999937,0.8299499999998261,1,1,>1.0
2022-03-03,2022-03-03 08:00:00,-1,1,1,1,1.5568022477930694,5.908346087814888,0,0,2.088169569930273,-1.6084835843942873,3,3,6.49345824328498,1926.15002,1933.87,1922.5299,7.71997999999985,3.6201200000000426,28,1,>1.0
2022-03-10,2022-03-10 11:15:00,-1,-1,1,-1,2.094347100342234,8.265530312865303,0,1,1.5123093972884045,-1.5222713198965672,3,3,5.943188595465681,1985.69995,1995.95996,1978.620118,10.260009999999966,7.079831999999897,3,1,>1.0
2022-03-11,2022-03-11 12:00:00,-1,-1,1,-1,1.9686162347242426,8.20345777731753,0,0,-0.47845314694108104,-0.883739280786774,4,3,3.1540868903490207,1991.33997,2003.29004,1989.86988,11.950070000000096,1.4700900000000274,1,1,>1.0
2022-03-15,2022-03-15 07:45:00,-1,-1,1,-1,1.0529819527854631,5.436893306275778,0,1,0.7265800110369631,-0.8318522327607236,1,3,3.3770130992378333,1950.78003,1954.69995,1948.19995,3.9199200000000474,2.5800799999999526,7,0,>1.0
2022-03-17,2022-03-17 07:30:00,-1,-1,-1,-1,0.9077679668597582,6.086390904582236,0,0,2.085388169192665,-0.2984096254494381,3,3,7.2009830008391456,1922.93005,1930.129559964821,1919.41003,7.199509964821118,3.5200199999999313,15,0,0.7-1.0
2022-03-22,2022-03-22 07:30:00,-1,1,-1,-1,0.7915704699345131,7.2774752933950095,0,0,-0.205227885601086,-1.1629788669534817,1,3,8.042963859855787,1934.079956,1937.23999,1931.88013,3.160033999999996,2.19982600000003,12,1,0.7-1.0
2022-03-23,2022-03-23 09:15:00,-1,-1,-1,-1,1.0833579329988678,11.080136259455829,0,0,-0.8489581182476897,-0.20276851001995289,2,3,5.834479269633008,1920.48999,1922.80005,1918.87989,2.3100600000000213,1.6101000000001022,8,1,>1.0
2022-03-29,2022-03-29 19:15:00,-1,-1,1,-1,1.8913861742385747,11.135330324250813,1,1,-3.5219019321615845,-1.595749239455236,1,3,4.341820758607249,1916.48999,1923.88,1914.680058,7.390010000000075,1.8099320000001171,1,1,>1.0
2022-03-31,2022-03-31 07:45:00,-1,1,-1,1,1.4815047732788902,9.15285818603944,0,0,0.9014795356301976,-0.9818745480724067,3,3,5.621332657913157,1932.62,1936.530029,1930.8698709999999,3.9100290000001223,1.7501290000000154,9,1,>1.0
2022-10-12,2022-10-12 10:00:00,-1,-1,-1,-1,1.0969689466847337,13.972816618604956,0,0,-0.6033473185739193,-0.575977601232866,2,10,7.06613888337236,1665.70996,1668.03003,1664.33007,2.320069999999987,1.3798899999999321,3,1,>1.0
2022-10-13,2022-10-13 07:30:00,-1,1,-1,-1,1.326777796357246,5.630904590807138,0,0,1.3112765394579569,-1.0644515233166951,3,10,1.8801324299538815,1672.78003,1676.16003,1670.499882,3.380000000000109,2.2801479999998264,19,1,>1.0
2022-10-14,2022-10-14 11:15:00,-1,-1,-1,-1,1.9034520688782932,19.52795460746487,0,0,-2.14381563451189,-1.091412995791577,4,10,7.54666743571368,1662.69995,1666.88,1660.5198999999998,4.180050000000165,2.180050000000165,3,1,>1.0
2022-10-19,2022-10-19 13:30:00,-1,1,-1,-1,0.872479183671353,7.412554686963313,0,0,0.7007345692690579,-1.4014691385381157,2,10,3.37423151405537,1650.46997,1652.560059,1649.5200210000003,2.090088999999807,0.9499489999998332,5,1,0.7-1.0
2022-10-20,2022-10-20 09:30:00,-1,-1,-1,-1,0.6705618659281136,9.079910955332926,0,1,1.1508628237759122,-0.4983338787412883,3,10,3.2995769879703873,1628.56006,1630.0,1628.02002,1.4399399999999787,0.54004000000009,1,1,0.5-0.7
2022-10-21,2022-10-21 10:00:00,-1,-1,-1,-1,1.2538740719930972,15.829071581435732,0,0,-1.4438526892209287,-1.390605482384322,4,10,4.982816611561472,1625.85999,1628.64001,1624.83997,2.7800200000001496,1.0200199999999313,18,1,>1.0
2022-11-01,2022-11-01 11:00:00,-1,-1,-1,-1,1.2193447144252487,9.216906186540749,0,1,-2.546372704155051,-1.282159360630684,1,11,4.622081008443801,1632.10999,1634.03003,1630.81005,1.9200399999999718,1.2999399999998786,2,0,>1.0
2022-11-02,2022-11-02 09:00:00,-1,1,-1,1,1.276467411215862,8.759041905168242,0,0,-1.048477494481631,-0.44931121469236807,2,11,5.385462685372319,1646.30005,1648.92004,1644.4998799999998,2.619989999999916,1.8001700000002074,9,0,>1.0
2022-11-03,2022-11-03 09:30:00,-1,-1,-1,-1,0.7535732761940326,10.368048887746257,1,1,-3.6969524653706336,-0.30266594227916155,3,11,10.629741933487503,1634.34998,1638.71997,1633.3400899999997,4.3699900000001435,1.0098900000002686,2,1,0.7-1.0
2022-11-04,2022-11-04 07:30:00,-1,1,1,-1,0.9419282653915897,11.258409421634289,0,0,-0.14829574074815546,-1.7503199060181331,4,11,4.018136916055307,1629.41003,1631.72998,1628.6899399999998,2.3199500000000626,0.7200900000002548,2,1,0.7-1.0
2022-11-23,2022-11-23 14:45:00,-1,-1,1,-1,1.1447902538791161,7.632397595412527,0,0,-0.3747090906752062,-3.0876170617914136,2,11,6.751240162595694,1737.23999,1739.45996,1735.6601600000001,2.2199699999998757,1.5798299999999017,1,1,>1.0
2022-11-24,2022-11-24 08:00:00,-1,1,1,1,1.0070498070766891,11.7615922557973,0,0,3.695714292024728,-0.8592489532528497,3,11,18.388616697507764,1750.46997,1753.23999,1748.38013,2.7700199999999313,2.0898400000000947,8,0,>1.0
2022-12-07,2022-12-07 07:30:00,-1,-1,1,-1,0.836326562546614,8.592753338018296,0,0,2.176846209502089,-0.1404262048787794,2,12,7.205358040496224,1771.16003,1773.28003,1770.1599100000003,2.119999999999891,1.000119999999697,10,1,0.7-1.0
2022-12-16,2022-12-16 08:00:00,-1,-1,1,-1,1.2063845675231493,6.919008677082582,0,0,-0.35958174274355825,-0.47561065153925597,4,12,5.870649171393635,1776.57996,1779.550049,1774.8898910000003,2.9700889999999163,1.6900689999997667,16,0,>1.0
2023-01-06,2023-01-06 11:00:00,-1,-1,1,-1,1.6910501723186613,16.50709242542274,0,1,-1.1957231303257114,-0.24054557390268114,4,1,11.678581626769796,1831.90002,1834.88,1829.59998,2.9799800000000687,2.300040000000081,3,0,>1.0
2023-01-19,2023-01-19 12:15:00,-1,1,1,-1,1.007278930901494,11.45189363524359,0,0,0.08474753459504611,-2.2734085098185703,3,1,10.655613490806191,1902.68005,1905.65002,1900.87,2.969970000000103,1.8100500000000466,5,0,>1.0
2023-01-27,2023-01-27 08:00:00,-1,-1,1,-1,0.7367056916803341,13.535625869753748,0,0,0.8281021997872882,-1.0622804438500488,4,1,11.932207267623886,1929.30005,1931.82996,1928.750118,2.5299099999999726,0.5499320000001262,2,1,0.7-1.0
2023-01-31,2023-01-31 14:45:00,-1,1,1,-1,1.4793809615353142,6.044101592046716,0,0,0.34142040917711397,-2.78806120185552,1,1,3.127585032134207,1921.17004,1924.13,1918.95008,2.9599600000001374,2.219959999999901,3,1,>1.0
2023-02-03,2023-02-03 21:00:00,-1,-1,1,-1,1.0800848665847502,17.06710955051473,1,1,-1.743204724986066,-0.829959072324808,4,2,20.86981178831821,1911.31995,1914.71997,1908.78003,3.4000200000000405,2.5399200000001656,8,0,>1.0
2023-02-09,2023-02-09 12:00:00,-1,-1,-1,-1,1.58291988227031,10.066970138981064,0,0,-1.3314524789866433,-1.4276102647526505,3,2,6.467715465766412,1872.82996,1876.78003,1871.9999900000003,3.9500699999998687,0.8299699999997756,3,0,>1.0
2023-02-10,2023-02-10 14:15:00,-1,-1,-1,-1,1.2136941219570458,13.645908606250563,1,1,-1.9546319190429797,-1.9637322157881585,4,2,14.08070811750637,1857.96997,1862.93005,1857.08997,4.960079999999834,0.8800000000001091,1,1,>1.0
2023-02-17,2023-02-17 07:45:00,-1,1,-1,-1,1.5813706697057826,6.39065238155664,0,0,-0.5004695432415944,-2.4517926323146195,4,2,7.966992756094145,1836.050049,1843.550049,1834.329831,7.5,1.7202179999999316,7,1,>1.0
2023-02-22,2023-02-22 19:30:00,-1,1,-1,-1,0.6742102437921994,5.643313142026123,0,0,0.4055034743842058,-2.008408792287267,2,2,4.540289943221892,1833.079956,1836.31006,1832.9499400000002,3.230103999999983,0.13001599999984137,7,1,0.5-0.7
2023-02-24,2023-02-24 08:00:00,-1,-1,-1,-1,0.7964475706654917,8.135801750849312,0,1,0.08557086885330183,-0.7898520313892935,4,2,5.285626218372096,1822.48999,1824.62,1821.7000600000001,2.1300099999998565,0.789929999999913,10,0,0.7-1.0
2023-02-28,2023-02-28 07:30:00,-1,1,-1,-1,0.9558241720860436,6.616980000934152,0,0,-1.0627844300017142,-1.0292524503019256,1,2,6.195809786405427,1816.29004,1818.62,1815.25988,2.329959999999801,1.0301600000000235,19,0,0.7-1.0
2023-03-01,2023-03-01 07:45:00,-1,1,-1,1,1.397938431102156,14.540847633069248,0,0,0.5921137889094179,-1.5383286794329438,2,3,10.247689019949634,1826.60999,1829.90002,1824.8199599999998,3.2900300000001153,1.7900300000001153,9,1,>1.0
2023-03-08,2023-03-08 07:45:00,-1,-1,1,-1,0.6802790183846263,14.459505795821297,0,1,-0.33750546680815435,0.015835894453751536,2,3,18.866087136896287,1813.98999,1815.91003,1812.8299699999998,1.9200399999999718,1.1600200000002587,9,1,0.5-0.7
2023-03-09,2023-03-09 07:45:00,-1,-1,-1,-1,1.2812845385524332,7.69415231808934,0,0,1.0752864303887888,-2.0733052200691513,3,3,9.08707445403089,1813.089966,1816.90002,1812.42004,3.8100540000000365,0.6699260000000322,16,1,>1.0
2023-03-22,2023-03-22 15:00:00,-1,-1,1,-1,0.49724080908001816,14.109281733972194,0,1,1.6079567360949885,-0.3067394178983778,2,3,12.965707627835666,1939.079956,1940.95996,1938.3200600000002,1.8800039999998717,0.7598959999997987,2,1,0.3-0.5
2023-03-23,2023-03-23 07:30:00,-1,1,1,-1,0.63581594052346,6.216402560267773,0,0,-0.4233742764505132,0.5875930304693525,3,3,10.194232374925546,1967.64001,1975.713777090322,1966.609871,8.073767090322008,1.0301389999999628,2,1,0.5-0.7
2023-03-28,2023-03-28 07:30:00,-1,-1,1,-1,0.4407989994252718,9.936667935049002,0,0,0.6676511923799854,-0.4148456255014001,1,3,5.605387152887088,1956.76001,1958.15002,1956.2899200000002,1.3900100000000748,0.47008999999980006,1,1,0.3-0.5
2023-10-03,2023-10-03 07:30:00,-1,-1,-1,-1,1.332380602180001,8.4058176069327,0,1,-0.8907787281282293,-1.4296053210988158,1,10,5.015616197682324,1827.91003,1830.23999,1826.1799299999998,2.3299600000000282,1.7301000000002205,6,1,>1.0
2023-10-04,2023-10-04 07:30:00,-1,-1,-1,-1,0.796154493374618,9.393737979000395,0,0,0.020085413868550225,-0.5887863110716829,2,10,5.254524949687623,1823.23999,1825.579956,1822.700064,2.339966000000004,0.5399259999999231,5,1,0.7-1.0
2023-10-05,2023-10-05 07:30:00,-1,-1,-1,-1,1.6054984309855316,7.278652248658603,0,0,3.8248892851831515,-1.3694086367482614,3,10,4.107248553947898,1820.84998,1823.92004,1818.660038,3.0700600000000122,2.1899419999999736,8,0,>1.0
2023-10-06,2023-10-06 17:15:00,-1,1,-1,-1,1.047716334466161,7.267539689243375,0,0,0.12382439837515313,-2.76226515399689,4,10,3.5689469758850185,1818.69995,1821.20996,1818.51002,2.5100099999999657,0.18993000000000393,6,0,>1.0
2023-10-25,2023-10-25 07:30:00,-1,1,1,1,0.6215488156215817,12.311629956773071,0,0,-0.6349298306320676,-0.1269592308316635,2,10,7.631387740603239,1971.66003,1973.71997,1971.36011,2.059940000000097,0.29991999999992913,1,1,0.5-0.7
2023-11-01,2023-11-01 11:00:00,-1,-1,1,-1,1.296842547542425,20.996732306988655,0,1,0.21738660832031492,-1.2969294905932915,2,11,14.035895312035578,1983.19995,1985.71997,1981.6401299999998,2.5200200000001587,1.5598200000001725,2,1,>1.0
2023-11-03,2023-11-03 12:15:00,-1,1,1,-1,1.254388606155898,11.344986796765856,0,0,-0.4492876866924508,-1.32912323865197,4,11,3.297607840532268,1983.79004,1986.41003,1983.2298700000001,2.619989999999916,0.560169999999971,5,0,>1.0
2023-11-07,2023-11-07 07:30:00,-1,-1,1,-1,0.7845985678059131,7.894167418309093,1,1,-0.7685780190784498,-0.9047134525317867,1,11,4.786217500273982,1978.94995,1980.91003,1978.4500699999999,1.9600800000000618,0.4998800000000756,1,1,0.7-1.0
2023-11-08,2023-11-08 16:15:00,-1,-1,1,-1,1.9763829371403048,16.595872713260704,0,0,-2.470320313498567,-2.0523187301562014,2,11,9.008938834924141,1966.17004,1969.02002,1965.3999,2.8499799999999595,0.7701400000000831,1,1,>1.0
2023-11-09,2023-11-09 19:00:00,-1,-1,-1,-1,1.591148206918152,13.766193869930376,1,1,-2.750409934864615,-1.987178484034028,3,11,11.25402774477193,1946.66003,1950.23999,1945.3200699999998,3.5799600000000282,1.3399600000002465,1,1,>1.0
2023-11-10,2023-11-10 07:30:00,-1,1,1,1,0.919426119612851,8.611965337002525,0,0,-1.9137552825137472,0.12482731119821926,4,11,9.02879032632792,1957.89001,1960.60999,1955.6900500000002,2.7199799999998504,2.199959999999919,13,0,0.7-1.0
2023-11-14,2023-11-14 14:00:00,-1,1,-1,-1,0.8982620382725901,13.911014654536086,0,0,-1.3036687510619203,-0.7949151231163477,1,11,15.61367282519428,1945.13,1946.84998,1944.0899600000002,1.7199799999998504,1.0400399999998626,4,1,0.7-1.0
2023-12-05,2023-12-05 21:00:00,-1,-1,1,-1,1.2808013465933332,17.134141429177745,0,1,2.180094211229745,-0.49731881222672075,1,12,18.271435019767416,2027.42004,2032.88,2024.8599999999997,5.459960000000137,2.560040000000299,1,1,>1.0
2023-12-06,2023-12-06 07:30:00,-1,-1,1,-1,1.0824451619187978,10.104491899105165,0,1,0.8311572951651138,0.2367811038837766,2,12,8.890485327021064,2018.67004,2021.42004,2016.44006,2.75,2.2299800000000687,11,0,>1.0
2023-12-07,2023-12-07 07:30:00,-1,1,1,-1,1.38048568907398,5.3460529012713165,0,0,-0.36713130818177403,-2.0474105666226645,3,12,5.559067541731342,2026.01001,2030.38,2024.5399199999997,4.3699900000001435,1.4700900000002548,5,1,>1.0
2023-12-08,2023-12-08 08:00:00,-1,1,1,-1,1.0279534136787842,11.620690213850542,0,0,-0.24815174333291154,-0.8861718288715142,4,12,12.5131109321303,2028.93994,2031.85999,2027.8800099999999,2.9200499999999465,1.0599300000001222,5,1,>1.0
2023-12-29,2023-12-29 12:00:00,-1,-1,1,1,0.9714713692908905,11.48920441896764,0,0,-3.6027725810996802,0.92552991133006,4,12,8.513599569647818,2067.63989,2069.46997,2066.4299300000002,1.83008000000018,1.2099599999996826,1,0,0.7-1.0
2024-01-03,2024-01-03 07:30:00,-1,-1,1,-1,1.119883967545432,8.137470189369306,0,1,-0.1569272429229445,-1.4662341443652103,2,1,4.576329241983313,2059.11011,2062.17993,2057.5402900000004,3.0698199999997087,1.5698199999997087,12,0,>1.0
2024-01-05,2024-01-05 07:45:00,-1,-1,1,-1,0.8066420772199365,8.188850313902439,0,0,0.8643097835797479,-0.8354723293192313,4,1,7.248314303633392,2043.26001,2045.33997,2042.5999700000002,2.0799600000000282,0.6600399999997535,13,0,0.7-1.0
2024-01-10,2024-01-10 07:45:00,-1,-1,-1,-1,1.3524365529575264,9.818054542146024,0,0,-0.20033791907113402,-0.24420625665551704,2,1,8.536053993592072,2028.53003,2031.69995,2026.880128,3.1699200000000474,1.6499019999998836,16,0,>1.0
2024-01-17,2024-01-17 08:00:00,-1,-1,1,-1,0.7910911768029841,10.708505982956453,0,1,2.1741870620433157,-1.2154171003001133,2,1,9.203298242611172,2027.28003,2030.35999,2026.83997,3.0799600000000282,0.4400599999999031,5,1,0.7-1.0
2024-01-24,2024-01-24 08:00:00,-1,1,-1,1,1.4233024823435512,6.771851566267904,0,0,3.3602249733416034,-0.9610767564736052,2,1,5.236929989843814,2028.13,2030.81995,2026.4400500000002,2.6899499999999534,1.6899499999999534,16,1,>1.0
2024-02-06,2024-02-06 14:15:00,-1,-1,1,-1,1.9060756571811568,10.303866974694767,0,0,-0.08142967924409795,-1.3603027030306842,1,2,8.403908859582053,2023.85999,2026.93005,2021.749882,3.0700600000000122,2.1101079999998547,7,0,>1.0
2024-02-09,2024-02-09 11:45:00,-1,1,1,1,1.0800602833522224,16.451783707620002,0,0,0.48009225080022694,-2.400079414506496,4,2,11.904375152917094,2032.12,2034.12,2031.6400000000003,2.0,0.47999999999956344,1,0,>1.0
2024-02-13,2024-02-13 11:15:00,-1,-1,-1,-1,1.3010216559537062,18.261445131481203,0,1,-2.8013475600345505,-0.24608987720396275,1,2,13.394242563526024,2018.85999,2020.51001,2017.7900300000001,1.6500200000000405,1.06995999999981,3,0,>1.0
2024-02-14,2024-02-14 12:00:00,-1,-1,-1,-1,1.4598020902605497,36.49612567197588,0,1,-1.4855898232942903,-0.1888953591545481,2,2,27.365107882017025,1991.12,1993.51001,1989.61011,2.390010000000075,1.5098899999998139,1,1,>1.0
2024-02-16,2024-02-16 10:45:00,-1,1,-1,1,1.8531175157864825,13.994948117962764,0,0,0.8186572956703373,-1.0232164580111125,4,2,12.325545671457562,2003.52002,2005.71997,2001.9599699999999,2.1999500000001717,1.5600500000000466,31,0,>1.0
2024-02-28,2024-02-28 18:00:00,-1,-1,1,-1,1.507442988525935,9.3380953128773,1,0,-2.1346952375048183,-2.933989366093022,2,2,8.685810653042633,2028.76001,2030.82996,2027.34998,2.0699500000000626,1.4100300000000061,7,1,>1.0
2024-03-01,2024-03-01 07:30:00,-1,1,1,1,0.7771971452494494,15.02250979585068,0,0,-1.3856860710647891,-0.4912487738457339,4,3,10.336569410088423,2044.10999,2046.02002,2043.3999,1.9100300000000061,0.7100900000000365,2,1,0.7-1.0
2024-03-15,2024-03-15 07:30:00,-1,-1,1,-1,0.8625299916513604,9.981847944899506,0,0,1.4468918177032677,-0.18086147721290846,4,3,4.441342388171808,2162.30005,2164.43994,2161.45996,2.1398900000003778,0.8400899999996909,6,1,0.7-1.0
2024-03-16,2024-03-16 07:30:00,-1,-1,1,-1,0.8965282260693747,7.159987285710457,0,0,-1.5487624950882637,-0.558094197026356,5,3,7.303529697143471,2156.92993,2158.8999,2155.5400400000003,1.969970000000103,1.3898899999994683,2,1,0.7-1.0
2024-03-19,2024-03-19 12:30:00,-1,1,1,1,0.7513286085580922,5.330751416808243,0,0,0.6090194801431896,-2.0168698544706003,1,3,2.823129115263976,2159.3999,2160.92993,2158.5300300000004,1.530029999999897,0.869869999999537,2,0,0.7-1.0
2024-03-20,2024-03-20 10:30:00,-1,1,1,-1,1.0885183701500274,11.04437480736813,0,0,1.1452710936242712,-0.9639458586446003,2,3,4.640506030829794,2157.44995,2159.05005,2156.6301300000005,1.6000999999996566,0.8198199999997087,2,1,>1.0
2024-10-08,2024-10-08 12:00:00,-1,-1,1,-1,0.7849557113968211,6.026090450251545,0,0,1.0170736447737014,-1.033970294264633,1,10,3.572651089570534,2641.1499,2644.26001,2640.03979,3.110110000000077,1.110110000000077,1,1,0.7-1.0
2024-10-09,2024-10-09 07:30:00,-1,-1,1,-1,0.6438886421831437,12.908930445666371,0,1,2.168666903522538,0.5588321550860245,2,10,13.936272199480664,2620.1499,2623.67993,2618.940188,3.530029999999897,1.209711999999854,7,0,0.5-0.7
2024-10-10,2024-10-10 11:00:00,-1,-1,1,-1,1.8478677289209837,11.320794535351919,0,0,2.0012170205754383,-1.5777243563538534,3,10,3.085215765777133,2606.94995,2610.01001,2604.44995,3.060059999999794,2.5,2,0,>1.0
2024-10-11,2024-10-11 09:00:00,-1,1,-1,1,0.6753117124474997,6.466007403790351,0,0,1.2090508885617892,-0.18758079661674265,4,10,4.774542680650015,2628.94995,2631.13989,2627.40015,2.1899399999997513,1.549800000000232,5,0,0.5-0.7
2024-10-15,2024-10-15 20:00:00,-1,1,1,1,0.3955913338168592,6.1149901226695835,0,0,1.2151325950539091,-1.115432075848414,1,10,5.822326867975095,2651.42993,2653.8501,2651.12988,2.4201700000003257,0.3000499999998283,1,0,0.3-0.5
2024-11-01,2024-11-01 09:15:00,-1,-1,1,-1,0.625584832733051,14.813511310160221,0,1,-0.224886928095488,-0.5553131590506952,4,11,10.564549510048364,2746.01001,2748.76001,2744.69995,2.75,1.310059999999794,14,0,0.5-0.7
2024-11-05,2024-11-05 08:15:00,-1,-1,1,-1,1.1457481964752125,8.912218165813803,0,0,0.0219170996969054,-1.1016385874344872,1,11,6.310942425421361,2736.3501,2739.02002,2734.3598600000005,2.66991999999982,1.9902399999996305,7,1,>1.0
2024-11-06,2024-11-06 11:15:00,-1,1,1,-1,0.8295764722405171,6.01427558121724,0,0,-0.32535236144109875,-2.1990810362753175,2,11,2.1682516038756594,2737.6499,2742.550049,2737.409911,4.900149000000056,0.2399889999996958,1,1,0.7-1.0
2024-11-07,2024-11-07 07:30:00,-1,-1,1,-1,1.5420417040350127,12.315791682320508,0,1,0.419202947114222,-1.7589795882915313,3,11,11.497172067899106,2660.090088,2668.32007,2657.3000499999994,8.229982000000291,2.79003800000055,14,1,>1.0
2024-11-08,2024-11-08 17:00:00,-1,1,-1,-1,5.876510975799323,9.494087470732296,0,0,-0.3940851600823612,-1.528567801312552,4,11,11.125007241723836,2690.73999,2710.73999,2675.6398900000004,20.0,15.100099999999657,48,0,>1.0
2024-11-09,2024-11-09 07:45:00,-1,-1,-1,-1,1.1015804695509464,8.38645921100688,0,0,0.739685842320115,-0.7920030648292016,5,11,10.324644253196144,2685.21997,2689.13989,2683.15991,3.91991999999982,2.0600600000002487,2,1,>1.0
2024-11-12,2024-11-12 14:45:00,-1,-1,-1,-1,1.507246044196198,18.060422847379886,0,1,0.05392672698923964,-1.12946944943125,1,11,9.63939693527872,2619.1001,2623.76001,2615.4401900000003,4.659909999999854,3.6599099999998543,6,1,>1.0
2024-11-14,2024-11-14 07:45:00,-1,-1,-1,-1,1.646287292848332,10.470883527420137,1,1,-0.43968832028986704,-1.850809462675362,3,11,11.466177492804242,2573.81006,2581.69995,2568.3200699999998,7.889890000000378,5.489990000000034,13,1,>1.0
2024-11-15,2024-11-15 16:45:00,-1,1,-1,-1,4.970236173971699,10.698030818778753,0,0,2.4892674939098027,-2.9395610514249952,4,11,7.707077065498867,2559.97998,2576.65991,2551.88013,16.679929999999786,8.09985000000006,48,0,>1.0
2024-12-03,2024-12-03 13:15:00,-1,1,-1,1,1.9510839513711042,4.906333919887413,0,0,0.15051531002271024,-0.7826385662191506,1,12,6.8399551138810475,2635.23999,2643.07007,2628.30981,7.83008000000018,6.930179999999837,15,0,>1.0
2024-12-04,2024-12-04 12:00:00,-1,-1,-1,-1,2.0043921727344247,11.75941060892603,0,0,-2.8933274211990203,-1.8242498990555296,2,12,6.15867991745405,2639.34009,2644.72998,2637.3300799999997,5.389889999999923,2.0100100000004204,4,0,>1.0
2024-12-07,2024-12-07 07:45:00,-1,-1,1,-1,1.1420805115274728,7.4772321293114565,0,0,-0.904514673273354,-1.1190624525060624,5,12,9.236028040464086,2631.97998,2636.96997,2630.51001,4.989990000000034,1.469970000000103,5,0,>1.0
2024-12-13,2024-12-13 08:00:00,-1,-1,1,-1,0.816944473719339,14.900103937938638,0,1,-0.5805378775558414,-0.6552575034310986,4,12,10.843553347057467,2680.72998,2684.09009,2679.65015,3.360110000000077,1.079830000000129,8,1,0.7-1.0
2024-12-14,2024-12-14 07:30:00,-1,-1,1,-1,1.4462599719213436,7.891356022927669,1,1,-0.5341954774126042,-1.5340191692761425,5,12,10.025267907221219,2649.57007,2654.06006,2645.97998,4.48998999999958,3.5900900000001457,13,1,>1.0
2024-12-17,2024-12-17 08:00:00,-1,-1,-1,-1,0.785766608527121,9.345327990346151,0,0,-1.2320514893981125,-0.3750821834819222,1,12,5.6411427250692965,2651.8999,2653.8501,2650.709958,1.9502000000002226,1.1899419999999736,11,0,0.7-1.0
2024-12-18,2024-12-18 07:45:00,-1,1,1,-1,0.9508265892540927,7.659879120317777,0,0,-0.9556580202699966,-0.8928494170630257,2,12,8.226092074355691,2643.56006,2647.27002,2642.8300799999997,3.7099600000001374,0.7299800000000687,5,0,0.7-1.0
2024-12-19,2024-12-19 07:30:00,-1,-1,-1,-1,1.7329556377981261,5.577413271385027,1,1,-4.220394121731226,-3.6667672245996967,3,12,15.815666673799043,2589.57007,2610.176605398939,2582.4799800000005,20.60653539893883,7.090089999999691,16,0,>1.0
2024-12-20,2024-12-20 08:00:00,-1,-1,-1,-1,0.9632393986613549,7.049978285282594,0,0,-1.1425981615743648,-0.7178012842711187,4,12,8.209459649310286,2595.32007,2600.07007,2594.30981,4.75,1.0102600000000166,1,1,0.7-1.0
2024-12-21,2024-12-21 07:30:00,-1,1,-1,1,0.9858057540027083,12.803656963252877,0,0,0.6958689767223711,-1.8681588183479,5,12,12.33503550161234,2624.63989,2628.63989,2623.38013,4.0,1.2597599999999147,1,1,0.7-1.0
2024-12-24,2024-12-24 07:30:00,-1,-1,-1,-1,0.9418831758832794,6.41804366637544,0,1,0.4710100399477848,0.10401419235627664,1,12,5.214104171967131,2610.92993,2613.23999,2609.30005,2.3100600000002487,1.6298799999999574,1,1,0.7-1.0
2024-12-31,2024-12-31 08:45:00,-1,-1,-1,-1,1.639943010219789,14.040380111118738,0,1,0.4631494072555878,-0.9690693341115044,1,12,11.902532853213007,2605.94995,2610.11011,2603.4499499999997,4.160159999999905,2.5000000000004547,10,0,>1.0
2025-01-01,2025-01-01 07:30:00,-1,1,-1,1,0.9790581162928499,10.725974688922204,0,0,-0.518517615653393,-0.20837737049018792,2,1,15.014141843030659,2622.8501,2625.48999,2620.94995,2.639889999999923,1.9001499999999396,6,0,0.7-1.0
2025-01-07,2025-01-07 11:15:00,-1,-1,1,-1,1.6403276114593983,24.897940968316238,0,0,0.00733024673799972,-1.288841914225198,1,1,12.188261417785514,2633.17993,2636.05005,2631.0700699999998,2.8701200000000426,2.109860000000026,3,0,>1.0
2025-01-28,2025-01-28 19:00:00,-1,-1,1,-1,0.9582053878226303,15.278532207535473,0,1,1.0587977894363159,-1.5043302366880185,1,1,15.300929919353985,2738.060059,2740.72998,2736.22998,2.6699210000001585,1.8300789999998415,2,1,0.7-1.0
2025-02-12,2025-02-12 20:00:00,-1,-1,1,1,1.7115129072730821,7.6661276935636655,0,0,-1.6543808538247522,0.34286032415443746,2,2,6.823261896437106,2891.41992,2901.01001,2888.53003,9.590090000000146,2.889889999999923,3,1,>1.0
2025-02-26,2025-02-26 17:00:00,-1,-1,1,-1,0.5953425061354898,13.632430918367932,0,1,0.6244711439488065,-1.5989719454569697,2,2,19.50732415244506,2910.70996,2913.92993,2908.5300300000004,3.2199699999996483,2.1799299999997857,2,1,0.5-0.7
2025-02-28,2025-02-28 14:15:00,-1,-1,1,-1,1.4792905146944444,5.995882335614452,0,1,-2.0183174829940436,-1.617080904898574,4,2,6.9203637409879155,2868.58008,2879.88989,2867.36987,11.309809999999743,1.2102100000001883,1,1,>1.0
2025-03-11,2025-03-11 10:15:00,-1,-1,1,-1,1.3624507383642857,10.420365554156026,0,1,-0.010271973819485539,-0.2448851665864261,1,3,10.106197374809987,2884.33008,2888.93994,2880.54004,4.609860000000026,3.7900400000003174,7,1,>1.0
2025-03-26,2025-03-26 12:00:00,-1,1,1,-1,1.1764808975623688,11.344827452804639,0,0,0.7070161300217077,-1.6644238984724116,2,3,6.445200475787665,3018.82007,3021.27002,3017.00976,2.449949999999717,1.8103100000002996,2,0,>1.0
2025-04-23,2025-04-23 13:00:00,-1,-1,1,1,1.3944123346867052,3.632653592939173,1,1,0.15559965966460423,-2.160441428420152,2,4,9.406786043397874,3358.4,3399.9709548116007,3351.7,41.570954811600586,6.700000000000273,3,1,>1.0
2025-04-26,2025-04-26 19:00:00,-1,1,1,-1,1.7734356898505668,21.23455891794656,0,0,3.313524578405018,-0.9333872051844642,5,4,25.406345041913593,3312.4,3317.4,3309.2999999999997,5.0,3.100000000000364,22,0,>1.0
2025-05-02,2025-05-02 07:30:00,-1,1,1,-1,1.0122724034307953,5.169819774664373,0,0,1.2135217979223456,0.878507835834569,4,5,5.629620264543225,3246.3,3257.7298161612953,3240.1,11.429816161295093,6.200000000000273,2,1,>1.0
2025-05-03,2025-05-03 07:30:00,-1,-1,-1,-1,0.5920339576087731,7.002915955715218,0,0,3.6909088442924363,2.0247561350220473,5,5,17.109666947182056,3251.3,3256.4911823055113,3248.9,5.19118230551112,2.400000000000091,2,1,0.5-0.7
2025-05-10,2025-05-10 22:30:00,-1,-1,1,-1,1.142517501476254,16.24780152099337,0,0,-2.874333503713927,-1.383047501786814,5,5,17.342543907932107,3323.3,3327.4,3323.1,4.099999999999909,0.20000000000027285,1,1,>1.0
2025-05-13,2025-05-13 07:30:00,-1,-1,1,-1,0.6282094800256925,8.275977062946561,0,0,0.04370152904522236,0.3086420488821935,1,5,3.7380198769506645,3236.5,3239.5,3234.3999999999996,3.0,2.100000000000364,1,1,0.5-0.7
2025-05-14,2025-05-14 10:30:00,-1,1,-1,-1,0.829182084129831,7.198196903311186,0,0,-0.16583641682592543,-2.388940815358024,2,5,3.143794547128785,3244.7,3249.1,3241.2000000000003,4.400000000000091,3.4999999999995453,1,1,0.7-1.0
2025-05-15,2025-05-15 07:30:00,-1,-1,-1,-1,0.7962153888354795,7.6820040293193665,0,0,0.20052832015108923,-0.7372364711438879,3,5,3.4072110934486872,3178.1,3181.8,3175.8999999999996,3.700000000000273,2.200000000000273,2,0,0.7-1.0
2025-05-16,2025-05-16 07:45:00,-1,1,-1,1,0.5785488340846942,13.779523970068215,0,0,3.179503157752123,-0.5533945369504876,4,5,5.132382718153861,3242.3,3246.8,3241.7,4.5,0.6000000000003638,1,1,0.5-0.7
2025-05-17,2025-05-17 10:30:00,-1,1,-1,-1,1.3227447670778492,13.575052690963386,0,0,5.2848267670689,-1.5688368167666569,5,5,31.315561849620273,3205.5,3210.8,3201.7,5.300000000000182,3.800000000000182,3,1,>1.0
2025-05-29,2025-05-29 07:45:00,-1,-1,1,-1,0.6439533155174739,9.253847645213177,0,1,-1.574108104598089,-0.715503683908232,3,5,5.815355996492266,3288.4,3291.8,3285.8999999999996,3.400000000000091,2.5000000000004547,1,0,0.5-0.7
2025-05-31,2025-05-31 08:30:00,-1,-1,1,-1,0.6833915311104658,6.318524198059821,0,0,-2.158378252424194,-0.911188708147374,5,5,22.543538827237256,3294.8,3298.7,3293.4000000000005,3.899999999999636,1.3999999999996362,3,1,0.5-0.7
2025-06-07,2025-06-07 08:00:00,-1,-1,1,-1,0.6866679580608647,9.201350638014985,0,1,-0.6351531468929443,-0.5395248241905997,5,6,47.505179252132585,3315.8,3320.4,3314.2999999999997,4.599999999999909,1.5000000000004547,5,0,0.5-0.7
2025-06-17,2025-06-17 16:30:00,-1,-1,1,-1,1.5920267080503927,4.635485557726073,1,1,-0.10544592481887571,-2.2453779284971267,1,6,5.256863384487493,3381.79,3392.5,3376.6000000000004,10.710000000000036,5.1899999999996,10,1,>1.0
2025-06-18,2025-06-18 09:30:00,-1,1,1,-1,2.502358056194174,7.014588806459108,0,0,0.4365816183148112,-1.4881044185238854,2,6,7.056008884703759,3385.4,3398.6,3379.2999999999997,13.199999999999818,6.100000000000364,9,1,>1.0
2025-06-19,2025-06-19 09:15:00,-1,-1,1,-1,1.6554376225154286,7.650001087463227,0,0,1.2893597425177965,-0.7531075381302722,3,6,6.262607162860062,3371.77,3379.4,3364.7000000000003,7.630000000000109,7.069999999999709,4,0,>1.0
2025-06-20,2025-06-20 07:30:00,-1,1,1,-1,0.6094901168791269,7.647301178369024,0,0,-0.2151141588986113,-0.8963089954103369,4,6,3.3115547913214662,3378.5,3381.8,3377.8999999999996,3.300000000000182,0.6000000000003638,2,1,0.5-0.7
2025-06-27,2025-06-27 08:00:00,-1,-1,-1,-1,1.3513272231025986,8.058524537770642,0,0,-1.1074126593326126,-1.285408821975701,4,6,2.7390751076621283,3324.19,3329.5,3320.8,5.309999999999945,3.3899999999998727,2,1,>1.0
2025-07-08,2025-07-08 07:30:00,-1,1,1,1,0.5672826335996728,10.233778710138248,0,0,-0.07563768447988757,-0.9681623613434208,1,7,5.140496978845875,3333.6,3335.8,3332.3,2.200000000000273,1.2999999999997272,1,1,0.5-0.7
2025-07-09,2025-07-09 09:30:00,-1,-1,-1,-1,0.26687926546646457,9.547605722060561,0,1,-0.5137425860228153,-1.227644621145403,2,7,4.860550460616299,3298.17,3299.8,3297.7,1.6300000000001091,0.47000000000025466,1,0,<0.3
2025-07-17,2025-07-17 07:30:00,-1,1,1,1,0.3927956128519446,11.24574035992932,0,0,-0.48312092800532064,-0.3535160515666965,3,7,10.115577424703956,3342.3,3346.5091706563317,3342.0,4.20917065633148,0.3000000000001819,1,1,0.3-0.5
2025-07-24,2025-07-24 12:00:00,-1,-1,1,-1,1.785130901454274,9.464561949219902,1,1,-1.3840122940949204,-2.5904300902750275,3,7,7.26438713454802,3385.14,3394.47,3382.31,9.329999999999927,2.8299999999999272,4,1,>1.0
2025-07-26,2025-07-26 09:30:00,-1,1,1,-1,1.1203906224701545,6.147385802936282,0,0,2.786234574300726,-1.9842707603220524,5,7,28.068019083763403,3346.41,3351.19,3343.0899999999997,4.7800000000002,3.3200000000001637,4,0,>1.0
2025-07-29,2025-07-29 08:15:00,-1,-1,-1,-1,0.6925379165513911,5.727055130132131,0,0,-0.3112529962027313,-0.5408020809023805,1,7,4.11901632177232,3321.36,3324.28,3320.22,2.9200000000000728,1.1400000000003274,3,0,0.5-0.7
2025-07-30,2025-07-30 08:00:00,-1,1,-1,-1,1.8792942613425723,8.250101807293866,0,0,0.39935003053525386,-0.9725347802446443,2,7,3.5415541477237986,3333.63,3338.73,3330.23,5.099999999999909,3.400000000000091,11,0,>1.0
2025-07-31,2025-07-31 08:00:00,-1,-1,-1,-1,1.3349477702501789,8.629483800545897,0,1,1.6615332069006483,-0.8796352271827345,3,7,12.18278235708576,3291.35,3298.1,3286.4,6.75,4.949999999999818,6,0,>1.0
