date,signal_ts,exit_ts,orb_hi,orb_lo,orb_range,entry,sl,tp1,sl_dist,tp1_dist,win,bars_held,mfe,h4b,h1b,dow
2020-10-01,2020-10-01 16:45:00,2020-10-01 17:00:00,11550.3,11528.3,22.0,11557.8,11523.3,11572.3,34.5,14.5,1,1,35.0,1,1,Thu
2020-10-06,2020-10-06 16:45:00,2020-10-06 17:30:00,11452.15,11429.9,22.25,11457.9,11424.9,11474.4,33.0,16.5,1,3,71.75,1,1,Tue
2020-10-07,2020-10-07 16:45:00,2020-10-07 17:15:00,11457.75,11430.0,27.75,11470.65,11425.0,11485.5,45.649999999999636,14.850000000000364,1,2,89.20000000000073,1,1,Wed
2020-11-10,2020-11-10 17:00:00,2020-11-10 18:15:00,11717.95,11643.65,74.30000000000109,11735.95,11638.65,11792.250000000002,97.30000000000109,56.30000000000109,0,5,14.25,1,1,Tue
2020-11-11,2020-11-11 17:45:00,2020-11-11 18:00:00,11845.35,11820.85,24.5,11867.1,11815.85,11869.85,51.25,2.75,1,1,60.25,1,1,Wed
2020-11-13,2020-11-13 16:45:00,2020-11-13 17:45:00,11871.05,11838.05,33.0,11883.05,11833.05,11904.05,50.0,21.0,1,4,109.40000000000146,1,1,Fri
2020-11-23,2020-11-23 17:00:00,2020-11-23 17:45:00,11856.95,11816.7,40.25,11860.45,11811.7,11897.2,48.75,36.75,1,3,126.5,1,-1,Mon
2020-11-24,2020-11-24 17:15:00,2020-11-24 17:30:00,12031.95,12010.45,21.5,12036.1,12005.45,12053.45,30.649999999999636,17.350000000000364,1,1,147.60000000000036,1,1,Tue
2021-02-26,2021-02-26 17:00:00,2021-02-26 19:15:00,13031.75,12931.55,100.20000000000073,13078.25,12926.55,13131.95,151.70000000000073,53.70000000000073,0,9,16.75,1,-1,Fri
2021-03-01,2021-03-01 16:45:00,2021-03-01 19:30:00,13225.6,13182.35,43.25,13226.1,13177.35,13268.85,48.75,42.75,1,11,103.14999999999964,1,1,Mon
2021-04-07,2021-04-07 17:30:00,2021-04-07 18:00:00,13606.55,13575.05,31.5,13608.3,13570.05,13638.05,38.25,29.75,1,2,141.75,1,1,Wed
2021-04-15,2021-04-15 17:30:00,2021-04-16 01:00:00,14019.7,13989.45,30.25,14030.7,13984.45,14049.95,46.25,19.25,0,25,14.0,1,1,Thu
2021-06-03,2021-06-03 16:45:00,2021-06-03 18:45:00,13576.75,13545.75,31.0,13582.55,13540.75,13607.75,41.79999999999927,25.200000000000728,0,8,15.400000000001455,1,-1,Thu
2021-06-10,2021-06-10 16:45:00,2021-06-10 19:45:00,13938.95,13915.7,23.25,13944.2,13910.7,13962.2,33.5,18.0,1,12,41.75,1,1,Thu
2021-09-15,2021-09-15 16:45:00,2021-09-15 18:00:00,15449.55,15408.3,41.25,15459.55,15403.3,15490.8,56.25,31.25,1,5,81.25,1,-1,Wed
2021-12-07,2021-12-07 17:45:00,2021-12-07 20:15:00,16326.23,16285.98,40.25,16343.38,16280.98,16366.48,62.399999999999636,23.100000000000364,0,10,13.75,1,1,Tue
2021-12-10,2021-12-10 16:45:00,2021-12-10 20:45:00,16254.08,16190.08,64.0,16267.73,16185.08,16318.08,82.64999999999964,50.350000000000364,1,16,86.10000000000036,1,1,Fri
2021-12-21,2021-12-21 17:00:00,2021-12-21 18:15:00,15809.68,15735.08,74.60000000000036,15827.68,15730.08,15884.28,97.60000000000036,56.600000000000364,1,5,172.89999999999964,1,-1,Tue
2021-12-23,2021-12-23 16:45:00,2021-12-23 19:45:00,16331.73,16309.73,22.0,16334.73,16304.73,16353.73,30.0,19.0,1,12,35.75,1,1,Thu
2022-03-30,2022-03-30 16:45:00,2022-03-30 17:30:00,15193.74,15151.24,42.5,15196.74,15146.24,15236.24,50.5,39.5,0,3,2.5,1,1,Wed
2022-08-17,2022-08-17 17:15:00,2022-08-17 18:00:00,13475.74,13441.81,33.93000000000029,13478.39,13436.81,13509.67,41.57999999999993,31.280000000000655,1,3,118.3700000000008,1,-1,Wed
2022-08-23,2022-08-23 16:45:00,2022-08-24 01:30:00,12917.56,12869.06,48.5,12919.94,12864.06,12966.06,55.88000000000102,46.11999999999898,0,31,26.86999999999898,1,-1,Tue
2022-08-26,2022-08-26 16:45:00,2022-08-26 17:30:00,12784.06,12748.81,35.25,12790.94,12743.81,12819.31,47.13000000000102,28.36999999999898,0,3,15.5,1,-1,Fri
2022-12-01,2022-12-01 18:00:00,2022-12-01 20:00:00,12041.89,12006.14,35.75,12052.94,12001.14,12077.64,51.80000000000109,24.69999999999891,1,8,33.86999999999898,1,1,Thu
2022-12-02,2022-12-02 17:00:00,2022-12-02 18:00:00,11950.89,11903.64,47.25,11963.14,11898.64,11998.14,64.5,35.0,0,4,0.0,1,-1,Fri
2023-02-22,2023-02-22 17:30:00,2023-02-22 18:00:00,12089.19,12055.19,34.0,12112.24,12050.19,12123.19,62.04999999999927,10.950000000000728,1,2,49.649999999999636,1,1,Wed
2023-02-24,2023-02-24 16:45:00,2023-02-24 17:45:00,11956.99,11924.74,32.25,11967.61,11919.74,11989.24,47.8700000000008,21.6299999999992,0,4,7.430000000000291,1,-1,Fri
2023-03-07,2023-03-07 17:15:00,2023-03-07 18:30:00,12245.19,12199.94,45.25,12267.69,12194.94,12290.44,72.75,22.75,0,5,16.75,1,-1,Tue
2023-03-08,2023-03-08 16:45:00,2023-03-08 18:15:00,12209.31,12154.31,55.0,12235.94,12149.31,12264.31,86.63000000000102,28.36999999999898,0,6,7.25,1,-1,Wed
2023-04-20,2023-04-20 16:45:00,2023-04-20 18:15:00,13081.19,13051.19,30.0,13083.94,13046.19,13111.19,37.75,27.25,0,6,25.25,1,1,Thu
2023-05-31,2023-05-31 17:00:00,2023-05-31 17:15:00,14262.34,14236.84,25.5,14262.84,14231.84,14287.84,31.0,25.0,1,1,73.75,1,1,Wed
2023-06-02,2023-06-02 16:45:00,2023-06-02 18:00:00,14567.34,14534.94,32.399999999999636,14567.99,14529.94,14599.74,38.04999999999927,31.75,0,5,12.75,1,1,Fri
2023-06-09,2023-06-09 16:45:00,2023-06-09 17:00:00,14523.3,14486.55,36.75,14541.8,14481.55,14560.05,60.25,18.25,1,1,64.0,1,1,Fri
2023-06-13,2023-06-13 16:45:00,2023-06-13 18:00:00,14913.6,14885.1,28.5,14922.65,14880.1,14942.1,42.54999999999927,19.450000000000728,0,5,12.75,1,1,Tue
2023-07-18,2023-07-18 17:00:00,2023-07-18 18:00:00,15810.95,15783.2,27.75,15820.05,15778.2,15838.7,41.849999999998545,18.650000000001455,1,4,92.60000000000036,1,1,Tue
2023-08-01,2023-08-01 16:45:00,2023-08-01 22:00:00,15728.9,15691.4,37.5,15740.0,15686.4,15766.4,53.600000000000364,26.399999999999636,0,17,22.649999999999636,1,-1,Tue
2023-08-02,2023-08-02 16:45:00,2023-08-03 05:45:00,15391.65,15340.4,51.25,15396.4,15335.4,15442.9,61.0,46.5,0,48,33.05000000000109,1,-1,Wed
2023-08-03,2023-08-03 16:45:00,2023-08-03 17:45:00,15425.5,15390.9,34.600000000000364,15426.75,15385.9,15460.1,40.850000000000364,33.350000000000364,0,4,7.0,1,-1,Thu
2023-11-02,2023-11-02 17:00:00,2023-11-02 17:45:00,14888.2,14857.2,31.0,14899.45,14852.2,14919.2,47.25,19.75,1,3,40.099999999998545,1,1,Thu
2023-11-10,2023-11-10 16:45:00,2023-11-10 17:00:00,15379.75,15350.75,29.0,15387.25,15345.75,15408.75,41.5,21.5,1,1,163.25,1,1,Fri
2023-12-14,2023-12-14 16:45:00,2023-12-14 17:45:00,16583.55,16548.05,35.5,16585.05,16543.05,16619.05,42.0,34.0,0,4,32.45000000000073,1,1,Thu
2023-12-27,2023-12-27 18:00:00,2023-12-27 18:15:00,16926.3,16905.7,20.599999999998545,16936.9,16900.7,16946.899999999998,36.20000000000073,9.999999999996362,1,1,14.25,1,1,Wed
2023-12-29,2023-12-29 16:45:00,2023-12-29 17:00:00,16795.7,16772.1,23.600000000002183,16810.2,16767.1,16819.300000000003,43.10000000000218,9.100000000002183,1,1,566.8499999999985,1,-1,Fri
2024-02-01,2024-02-01 17:15:00,2024-02-01 17:45:00,17239.55,17190.3,49.25,17253.9,17185.3,17288.8,68.60000000000218,34.89999999999782,1,2,300.8999999999978,1,1,Thu
2024-02-02,2024-02-02 16:45:00,2024-02-02 17:15:00,17608.7,17581.2,27.5,17612.9,17576.2,17636.2,36.70000000000073,23.299999999999272,1,2,72.94999999999709,1,1,Fri
2024-02-08,2024-02-08 17:15:00,2024-02-08 17:45:00,17814.2,17785.95,28.25,17815.95,17780.95,17842.45,35.0,26.5,0,2,3.25,1,1,Thu
2024-02-09,2024-02-09 17:15:00,2024-02-09 18:00:00,17923.5,17893.35,30.150000000001455,17928.1,17888.35,17953.65,39.75,25.55000000000291,1,3,68.5,1,1,Fri
2024-02-15,2024-02-15 17:15:00,2024-02-15 17:30:00,17789.25,17761.5,27.75,17806.25,17756.5,17817.0,49.75,10.75,1,1,99.75,1,-1,Thu
2024-03-20,2024-03-20 16:45:00,2024-03-20 17:30:00,18063.6,18034.35,29.25,18067.6,18029.35,18092.85,38.25,25.25,0,3,1.0,1,1,Wed
2024-03-22,2024-03-22 16:45:00,2024-03-22 17:00:00,18337.8,18309.3,28.5,18359.55,18304.3,18366.3,55.25,6.75,1,1,45.10000000000218,1,1,Fri
2024-04-02,2024-04-02 16:45:00,2024-04-02 17:00:00,18081.9,18061.9,20.0,18100.15,18056.9,18101.9,43.25,1.75,1,1,57.75,1,-1,Tue
2024-04-05,2024-04-05 16:45:00,2024-04-05 17:45:00,18188.85,18150.35,38.5,18216.35,18145.35,18227.35,71.0,11.0,0,4,6.75,1,1,Fri
2024-04-08,2024-04-08 16:45:00,2024-05-09 01:00:00,18135.3,18103.3,32.0,18142.15,18098.3,18167.3,43.85000000000218,25.149999999997817,0,29,15.649999999997817,1,1,Mon
2024-05-09,2024-05-09 16:45:00,2024-05-09 23:45:00,18119.7,18088.95,30.75,18121.7,18083.95,18150.45,37.75,28.75,1,24,30.549999999999272,1,1,Thu
2024-05-20,2024-05-20 16:45:00,2024-05-20 17:30:00,18709.85,18673.25,36.599999999998545,18720.75,18668.25,18746.449999999997,52.5,25.69999999999709,0,3,2.0,1,1,Mon
2024-07-10,2024-07-10 16:45:00,2024-07-10 17:30:00,20648.4,20616.9,31.5,20654.75,20611.9,20679.9,42.849999999998545,25.150000000001455,1,3,67.75,1,1,Wed
2024-07-12,2024-07-12 16:45:00,2024-07-12 17:00:00,20421.95,20384.7,37.25,20442.2,20379.7,20459.2,62.5,17.0,1,1,110.64999999999782,1,1,Fri
2024-08-16,2024-08-16 16:45:00,2024-08-16 17:45:00,19550.25,19521.75,28.5,19565.75,19516.75,19578.75,49.0,13.0,0,4,2.75,1,-1,Fri
2024-08-21,2024-08-21 16:45:00,2024-08-21 17:45:00,19789.65,19765.3,24.350000000002183,19799.55,19760.3,19814.000000000004,39.25,14.450000000004366,1,4,81.85000000000218,1,1,Wed
2024-08-28,2024-08-28 16:45:00,2024-08-28 17:45:00,19388.65,19340.4,48.25,19404.65,19335.4,19436.9,69.25,32.25,0,4,15.0,1,-1,Wed
2024-10-16,2024-10-16 16:45:00,2024-10-16 18:15:00,20171.3,20143.8,27.5,20184.3,20138.8,20198.8,45.5,14.5,1,6,44.0,1,-1,Wed
2024-10-17,2024-10-17 17:30:00,2024-10-17 18:00:00,20342.35,20300.1,42.25,20345.1,20295.1,20384.6,50.0,39.5,0,2,7.650000000001455,1,1,Thu
2024-10-18,2024-10-18 16:45:00,2024-10-18 17:00:00,20343.4,20314.15,29.25,20350.4,20309.15,20372.65,41.25,22.25,1,1,27.0,1,1,Fri
2024-11-27,2024-11-27 18:00:00,2024-11-27 18:45:00,20716.0,20666.15,49.849999999998545,20738.25,20661.15,20765.85,77.09999999999854,27.599999999998545,1,3,88.0,1,-1,Wed
2024-12-02,2024-12-02 17:00:00,2024-12-03 06:00:00,21201.85,21146.6,55.25,21216.1,21141.6,21257.1,74.5,41.0,0,48,11.25,1,1,Mon
2024-12-06,2024-12-06 18:15:00,2024-12-06 18:30:00,21619.0,21597.4,21.599999999998545,21640.4,21592.4,21640.6,48.0,0.19999999999708962,1,1,4.649999999997817,1,1,Fri
2025-01-10,2025-01-10 17:30:00,2025-01-10 18:00:00,20815.65,20732.4,83.25,20854.65,20727.4,20898.9,127.25,44.25,1,2,161.6999999999971,1,-1,Fri
2025-01-22,2025-01-22 16:45:00,2025-01-22 17:00:00,21939.55,21917.05,22.5,21946.05,21912.05,21962.05,34.0,16.0,1,1,18.0,1,1,Wed
2025-02-25,2025-02-25 17:00:00,2025-02-25 17:15:00,21026.1,20945.35,80.75,21101.6,20940.35,21106.85,161.25,5.25,1,1,133.0,1,-1,Tue
2025-06-03,2025-06-03 17:15:00,2025-06-03 18:00:00,21723.05,21683.3,39.75,21724.3,21678.3,21762.8,46.0,38.5,0,3,3.5,1,1,Tue
2025-06-04,2025-06-04 16:45:00,2025-06-04 17:00:00,21718.3,21695.8,22.5,21737.05,21690.8,21740.8,46.25,3.75,1,1,47.75,1,1,Wed
2025-07-23,2025-07-23 16:45:00,2025-07-23 17:30:00,23090.85,23066.35,24.5,23091.1,23061.35,23115.35,29.75,24.25,1,3,197.70000000000073,1,1,Wed
2025-07-24,2025-07-24 16:45:00,2025-07-24 17:00:00,23236.05,23212.8,23.25,23238.3,23207.8,23259.3,30.5,21.0,1,1,73.54999999999927,1,1,Thu
2025-09-22,2025-09-22 17:30:00,2025-09-22 18:30:00,24776.4,24753.4,23.0,24779.4,24748.4,24799.4,31.0,20.0,1,4,31.25,1,1,Mon
2025-09-26,2025-09-26 16:45:00,2025-09-26 18:15:00,24474.53,24437.03,37.5,24485.78,24432.03,24512.03,53.75,26.25,1,6,1663.3199999999997,1,-1,Fri
2025-11-05,2025-11-05 16:45:00,2025-11-05 17:30:00,25682.27,25640.27,42.0,25688.27,25635.27,25724.27,53.0,36.0,1,3,103.75,1,-1,Wed
2025-11-07,2025-11-07 17:15:00,2025-11-07 18:15:00,24747.87,24683.87,64.0,24752.87,24678.87,24811.87,74.0,59.0,1,4,674.5800000000017,1,-1,Fri
2025-11-10,2025-11-10 16:45:00,2025-11-10 17:30:00,25451.45,25387.45,64.0,25456.45,25382.45,25515.45,74.0,59.0,1,3,249.61999999999898,1,1,Mon
2025-11-11,2025-11-11 17:00:00,2025-11-11 17:45:00,25473.37,25415.62,57.75,25499.12,25410.62,25531.12,88.5,32.0,1,3,200.10000000000218,1,-1,Tue
2025-12-23,2025-12-23 16:45:00,2025-12-23 17:00:00,25546.65,25525.15,21.5,25567.65,25520.15,25568.15,47.5,0.5,1,1,58.39999999999782,1,1,Tue
2026-02-05,2026-02-05 16:45:00,2026-02-05 17:00:00,24739.62,24676.62,63.0,24744.87,24671.62,24802.62,73.25,57.75,0,1,0.0,1,-1,Thu
2026-02-11,2026-02-11 17:15:00,2026-02-11 19:15:00,25185.57,25105.82,79.75,25216.07,25100.82,25265.32,115.25,49.25,1,8,73.75,1,1,Wed
2026-04-08,2026-04-08 16:45:00,2026-04-08 17:15:00,24990.05,24941.05,49.0,24995.05,24936.05,25039.05,59.0,44.0,0,2,14.25,1,1,Wed
2026-05-15,2026-05-15 17:00:00,2026-05-15 17:15:00,29278.07,29246.77,31.299999999999272,29293.07,29241.77,29309.37,51.29999999999927,16.299999999999272,1,1,125.04999999999927,1,1,Fri
2026-05-20,2026-05-20 17:15:00,2026-05-20 19:30:00,29228.4,29161.9,66.5,29235.15,29156.9,29294.9,78.25,59.75,1,9,100.5,1,1,Wed
2026-05-27,2026-05-27 18:15:00,2026-05-27 20:15:00,29996.51,29932.52,63.98999999999796,30009.49,29927.52,30060.499999999996,81.97000000000116,51.00999999999476,1,8,85.65999999999985,1,-1,Wed
2026-05-28,2026-05-28 16:45:00,2026-05-28 19:15:00,30262.57,30230.94,31.63000000000102,30279.73,30225.94,30294.2,53.79000000000087,14.470000000001164,0,10,13.93999999999869,1,1,Thu
2026-06-30,2026-06-30 16:45:00,2026-06-30 17:00:00,30297.52,30263.04,34.47999999999956,30312.32,30258.04,30332.0,54.279999999998836,19.68000000000029,1,1,73.51000000000204,1,1,Tue
2026-07-08,2026-07-08 16:45:00,2026-07-08 17:30:00,29150.09,29048.69,101.40000000000146,29174.44,29043.69,29251.49,130.75,77.05000000000291,1,3,238.5,1,-1,Wed
2026-07-09,2026-07-09 17:00:00,2026-07-09 17:15:00,29720.19,29668.31,51.87999999999738,29758.19,29663.31,29772.069999999996,94.87999999999738,13.87999999999738,1,1,38.5,1,1,Thu
2026-07-10,2026-07-10 17:15:00,2026-07-10 17:30:00,29840.14,29811.64,28.5,29856.89,29806.64,29868.64,50.25,11.75,1,1,25.75,1,1,Fri
2026-07-14,2026-07-14 16:45:00,2026-07-14 23:45:00,29646.84,29575.59,71.25,29649.34,29570.59,29718.09,78.75,68.75,1,24,235.4900000000016,1,1,Tue
2026-07-17,2026-07-17 16:45:00,2026-07-17 18:00:00,28801.1,28717.72,83.37999999999738,28805.6,28712.72,28884.479999999996,92.87999999999738,78.87999999999738,0,5,70.0,1,-1,Fri
