date,signal_ts,exit_ts,direction,entry,sl,tp,sl_dist,tp_dist,win,bars_held,mfe,sw_lo,sw_hi,h4b,fvg_size,orb_range,dow,date_ts
2020-11-18,2020-11-18 17:00:00,2020-11-18 18:45:00,LONG,12024.45,11976.633705680228,12120.082588639547,47.81629431977308,95.63258863954616,0,7,10.149999999999636,1,1,1,23.650000000001455,14.75,Wed,2020-11-18
2021-01-08,2021-01-08 18:30:00,2021-01-08 19:15:00,SHORT,12951.8,13020.198703484806,12815.002593030385,68.3987034848069,136.7974069696138,0,3,4.199999999998909,0,1,1,20.19999999999891,19.69999999999891,Fri,2021-01-08
2021-02-18,2021-02-18 18:30:00,2021-02-18 23:00:00,LONG,13604.7,13560.68679580437,13692.726408391263,44.01320419563126,88.02640839126252,1,13,69.75,1,0,1,34.25,36.0,Thu,2021-02-18
2021-02-19,2021-02-19 17:30:00,2021-02-19 21:45:00,SHORT,13600.7,13653.88058774217,13494.338824515664,53.18058774216843,106.36117548433685,0,16,61.25,0,1,1,22.649999999999636,13.25,Fri,2021-02-19
2021-03-04,2021-03-04 17:30:00,2021-03-04 18:45:00,SHORT,12564.45,12689.431493951175,12314.487012097652,124.98149395117434,249.9629879023487,1,5,150.8000000000011,1,1,-1,49.0,95.0,Thu,2021-03-04
2021-07-27,2021-07-27 18:15:00,2021-07-27 20:00:00,LONG,14879.65,14830.975971455111,14976.998057089777,48.67402854488864,97.34805708977729,1,7,84.1200000000008,1,1,1,21.75,36.25,Tue,2021-07-27
2021-09-16,2021-09-16 18:00:00,2021-09-16 22:30:00,LONG,15498.8,15452.825332160757,15590.749335678483,45.9746678392421,91.9493356784842,1,13,54.0,1,0,1,25.100000000000364,23.400000000001455,Thu,2021-09-16
2021-12-21,2021-12-21 18:45:00,2021-12-21 20:45:00,LONG,15929.33,15895.307860457517,15997.374279084966,34.02213954248327,68.04427908496655,1,8,66.0,1,0,1,21.649999999999636,74.60000000000036,Tue,2021-12-21
2022-01-27,2022-01-27 17:15:00,2022-01-27 23:00:00,SHORT,14172.13,14300.814065295684,13914.761869408629,128.6840652956853,257.3681305913706,0,19,211.75,0,1,-1,58.0,105.5,Thu,2022-01-27
2022-02-11,2022-02-11 18:45:00,2022-02-11 21:45:00,SHORT,14339.53,14503.526074648566,14011.53785070287,163.9960746485649,327.9921492971298,0,12,141.25,0,1,-1,92.59999999999854,68.05000000000109,Fri,2022-02-11
2022-03-16,2022-03-16 18:15:00,2022-03-16 18:45:00,SHORT,13536.54,13723.59069300216,13162.438613995684,187.05069300215837,374.10138600431674,0,2,67.75,0,1,-1,103.39999999999964,40.30000000000109,Wed,2022-03-16
2022-03-17,2022-03-17 17:30:00,2022-03-17 22:30:00,LONG,14066.44,13988.381189590466,14222.55762081907,78.058810409535,156.11762081907,0,16,71.25,1,0,-1,35.600000000000364,29.75,Thu,2022-03-17
2022-05-11,2022-05-11 17:00:00,2022-05-11 22:30:00,SHORT,12110.74,12196.6167012123,11938.986597575398,85.87670121230076,171.75340242460152,1,18,167.5,1,1,-1,38.80000000000109,63.5,Wed,2022-05-11
2022-05-12,2022-05-12 17:45:00,2022-05-12 19:15:00,SHORT,11742.34,11842.940868004034,11541.138263991932,100.60086800403406,201.2017360080681,0,6,49.29999999999927,1,1,-1,48.04999999999927,90.29999999999927,Thu,2022-05-12
2022-05-13,2022-05-13 18:15:00,2022-05-13 18:30:00,SHORT,12252.44,12303.11929767821,12151.081404643583,50.67929767820897,101.35859535641794,0,1,0.0,0,1,-1,24.0,27.75,Fri,2022-05-13
2022-07-05,2022-07-05 17:30:00,2022-07-05 18:30:00,LONG,11653.19,11601.391900849245,11756.786198301512,51.79809915075566,103.59619830151132,1,4,45.54999999999927,1,0,-1,22.44999999999891,45.20000000000073,Tue,2022-07-05
2022-09-30,2022-09-30 17:45:00,2022-09-30 19:45:00,SHORT,11097.39,11147.863575971993,10996.442848056013,50.47357597199334,100.94715194398668,1,8,72.29999999999927,1,1,-1,25.0,36.75,Fri,2022-09-30
2022-11-23,2022-11-23 17:00:00,2022-11-23 19:00:00,SHORT,11784.29,11832.817957667701,11687.2340846646,48.52795766770032,97.05591533540064,0,8,61.75,0,1,-1,35.69999999999891,15.5,Wed,2022-11-23
2023-04-14,2023-04-14 18:30:00,2023-04-14 19:15:00,LONG,13065.29,13021.325002146585,13153.219995706833,43.96499785341621,87.92999570683241,0,3,7.75,1,1,1,23.5,33.0,Fri,2023-04-14
2023-04-20,2023-04-20 18:30:00,2023-04-20 22:30:00,SHORT,12988.19,13063.54240763996,12837.485184720083,75.35240763995898,150.70481527991797,0,12,52.25,0,1,1,34.5,30.0,Thu,2023-04-20
2023-05-31,2023-05-31 17:30:00,2023-05-31 20:00:00,LONG,14315.19,14263.975402706656,14417.61919458669,51.21459729334492,102.42919458668985,0,10,16.5,1,1,1,21.5,25.5,Wed,2023-05-31
2023-06-15,2023-06-15 17:45:00,2023-06-15 22:30:00,LONG,15177.25,15124.981398263792,15281.787203472417,52.26860173620844,104.53720347241688,1,15,85.0,1,1,1,21.25,35.0,Thu,2023-06-15
2023-07-27,2023-07-27 17:30:00,2023-07-27 18:00:00,SHORT,15647.2,15682.446161876087,15576.707676247828,35.24616187608626,70.49232375217252,1,2,34.400000000001455,0,1,1,23.099999999998545,16.25,Thu,2023-07-27
2023-09-22,2023-09-22 17:15:00,2023-09-22 20:45:00,SHORT,14776.3,14837.63637813747,14653.627243725059,61.33637813747009,122.67275627494018,0,14,95.25,0,1,-1,22.0,17.75,Fri,2023-09-22
2023-11-10,2023-11-10 17:15:00,2023-11-10 18:15:00,LONG,15414.5,15384.140070761781,15475.219858476437,30.359929238218683,60.719858476437366,1,4,60.5,1,0,1,23.25,29.0,Fri,2023-11-10
2024-03-21,2024-03-21 18:00:00,2024-03-21 22:30:00,SHORT,18376.45,18429.800030296716,18269.74993940657,53.350030296714976,106.70006059342995,1,14,44.75,0,1,1,23.5,25.75,Thu,2024-03-21
2024-04-04,2024-04-04 18:15:00,2024-04-04 22:30:00,SHORT,18150.6,18304.867189380275,17842.065621239446,154.26718938027625,308.5343787605525,1,13,279.1999999999971,0,1,1,66.45000000000073,14.0,Thu,2024-04-04
2024-05-14,2024-05-14 18:15:00,2024-05-14 22:30:00,LONG,18294.85,18253.531698319504,18377.486603360987,41.31830168049419,82.63660336098837,1,13,54.5,1,1,1,34.349999999998545,12.0,Tue,2024-05-14
2024-05-17,2024-05-17 18:15:00,2024-05-17 18:45:00,SHORT,18493.0,18538.07341295377,18402.85317409246,45.07341295377046,90.14682590754092,0,2,2.0,0,1,1,29.25,23.900000000001455,Fri,2024-05-17
2024-05-23,2024-05-23 17:00:00,2024-05-23 17:30:00,SHORT,18795.9,18840.754352286152,18706.1912954277,44.85435228615097,89.70870457230194,1,2,39.0,0,1,1,37.0,34.0,Thu,2024-05-23
2024-07-12,2024-07-12 17:45:00,2024-07-12 19:30:00,LONG,20521.8,20472.44855163265,20620.5028967347,49.3514483673498,98.7028967346996,0,7,13.049999999999272,1,1,1,38.64999999999782,37.25,Fri,2024-07-12
2024-08-23,2024-08-23 17:30:00,2024-08-23 20:45:00,LONG,19700.4,19618.00396284791,19865.192074304185,82.3960371520916,164.7920743041832,0,13,46.25,1,1,1,30.25,94.59999999999854,Fri,2024-08-23
2024-08-29,2024-08-29 18:30:00,2024-08-29 22:30:00,SHORT,19340.25,19525.49889391467,18969.752212170657,185.2488939146715,370.497787829343,0,12,47.349999999998545,0,1,1,63.25,22.5,Thu,2024-08-29
2024-08-30,2024-08-30 17:00:00,2024-08-30 19:45:00,LONG,19441.4,19374.994843250937,19574.21031349813,66.40515674906419,132.81031349812838,1,11,87.5,1,1,1,32.75,55.5,Fri,2024-08-30
2024-10-03,2024-10-03 17:00:00,2024-10-03 17:15:00,SHORT,19722.6,19777.569698106257,19612.66060378748,54.969698106258875,109.93939621251775,0,1,0.0,0,1,1,25.5,75.0,Thu,2024-10-03
2024-10-17,2024-10-17 18:15:00,2024-10-17 22:30:00,SHORT,20244.85,20328.8086259273,20076.932748145395,83.95862592730191,167.91725185460382,0,13,40.5,0,1,1,48.25,42.25,Thu,2024-10-17
2024-11-21,2024-11-21 17:30:00,2024-11-21 23:00:00,LONG,20779.15,20681.223940191543,20975.00211961692,97.92605980845838,195.85211961691675,0,18,40.0,1,1,1,39.25,69.5,Thu,2024-11-21
2024-12-06,2024-12-06 18:15:00,2024-12-06 19:00:00,LONG,21640.4,21610.086914747066,21701.026170505873,30.313085252935707,60.626170505871414,0,3,0.3999999999978172,1,1,1,24.5,21.599999999998545,Fri,2024-12-06
2025-02-25,2025-02-25 17:00:00,2025-02-25 23:00:00,LONG,21101.6,21014.41243855355,21275.975122892894,87.18756144644794,174.3751228928959,1,20,130.75,1,1,1,64.25,80.75,Tue,2025-02-25
2025-02-27,2025-02-27 17:00:00,2025-02-27 17:30:00,SHORT,20966.8,21023.25165756928,20853.89668486144,56.45165756927963,112.90331513855926,0,2,54.0,0,1,1,25.0,47.5,Thu,2025-02-27
2025-02-28,2025-02-28 17:45:00,2025-02-28 19:30:00,SHORT,20495.15,20630.23142563362,20224.987148732762,135.0814256336198,270.1628512672396,0,7,53.0,1,1,-1,33.5,120.25,Fri,2025-02-28
2025-03-12,2025-03-12 18:00:00,2025-03-12 18:30:00,SHORT,19593.5,19660.50501011198,19459.489979776037,67.00501011198139,134.01002022396278,0,2,12.0,0,1,-1,47.75,115.69999999999709,Wed,2025-03-12
2025-04-25,2025-04-25 17:15:00,2025-04-25 17:30:00,LONG,19438.95,19351.65156282429,19613.546874351425,87.29843717571202,174.59687435142405,0,1,0.0,1,0,-1,24.75,52.25,Fri,2025-04-25
2025-04-29,2025-04-29 17:30:00,2025-04-29 22:30:00,LONG,19508.8,19415.927100195142,19694.545799609714,92.8728998048573,185.7457996097146,0,16,83.75,1,0,-1,33.0,40.0,Tue,2025-04-29
2025-05-01,2025-05-01 17:15:00,2025-05-01 17:30:00,LONG,19904.4,19861.63010704805,19989.9397859039,42.76989295195017,85.53978590390034,0,1,0.0,1,1,1,20.0,46.75,Thu,2025-05-01
2025-06-13,2025-06-13 18:15:00,2025-06-13 20:45:00,SHORT,21667.9,21763.501753318902,21476.6964933622,95.60175331890059,191.20350663780118,0,10,71.0,0,1,1,25.25,30.399999999997817,Fri,2025-06-13
2025-08-07,2025-08-07 18:15:00,2025-08-07 18:45:00,SHORT,23273.44,23316.94814717117,23186.423705657657,43.508147171171004,87.01629434234201,0,2,20.0,0,1,1,29.75,98.5,Thu,2025-08-07
2025-11-11,2025-11-11 18:00:00,2025-11-11 23:00:00,LONG,25565.97,25514.589529726854,25668.730940546295,51.380470273146784,102.76094054629357,1,16,65.0,1,0,1,24.450000000000728,57.75,Tue,2025-11-11
2025-12-18,2025-12-18 17:15:00,2025-12-18 18:30:00,SHORT,25019.49,25173.798225803934,24710.873548392137,154.30822580393215,308.6164516078643,0,5,16.25,0,1,1,123.64999999999782,53.25,Thu,2025-12-18
2026-02-11,2026-02-11 17:30:00,2026-02-11 18:00:00,LONG,25231.82,25140.332638706688,25414.794722586623,91.48736129331155,182.9747225866231,0,2,22.0,1,1,1,39.88000000000102,79.75,Wed,2026-02-11
2026-02-20,2026-02-20 17:15:00,2026-02-20 18:45:00,SHORT,24871.52,25053.111117442,24508.337765116,181.5911174419998,363.1822348839996,0,6,13.0,1,1,-1,111.0,141.25,Fri,2026-02-20
2026-04-01,2026-04-01 18:00:00,2026-04-01 22:30:00,SHORT,24066.3,24151.040131476213,23896.819737047572,84.74013147621372,169.48026295242744,1,14,101.29999999999927,0,1,-1,31.25,39.5,Wed,2026-04-01
2026-04-09,2026-04-09 18:15:00,2026-04-09 19:00:00,SHORT,25013.6,25076.851526022507,24887.096947954982,63.25152602250819,126.50305204501637,0,3,16.25,0,1,1,26.25,51.5,Thu,2026-04-09
2026-05-13,2026-05-13 18:15:00,2026-05-13 18:45:00,LONG,29474.6,29405.566167884157,29612.66766423168,69.0338321158415,138.067664231683,0,2,5.5,1,0,1,32.5,31.75,Wed,2026-05-13
2026-05-15,2026-05-15 17:30:00,2026-05-15 18:30:00,LONG,29354.82,29283.083421331892,29498.293157336215,71.73657866810754,143.47315733621508,0,4,63.29999999999927,1,0,1,42.20000000000073,31.299999999999272,Fri,2026-05-15
2026-05-21,2026-05-21 17:15:00,2026-05-21 22:30:00,LONG,29353.05,29197.165335522306,29664.819328955386,155.88466447769315,311.7693289553863,1,17,140.25,1,0,1,67.75,38.5,Thu,2026-05-21
2026-05-27,2026-05-27 18:30:00,2026-05-27 22:30:00,LONG,30004.65,29949.720186066173,30114.509627867657,54.92981393382797,109.85962786765595,1,12,90.5,1,1,1,21.729999999999563,63.98999999999796,Wed,2026-05-27
2026-07-15,2026-07-15 17:00:00,2026-07-15 17:45:00,LONG,29359.83,29297.45188071133,29484.586238577343,62.37811928867086,124.75623857734172,1,3,104.75,1,0,1,22.950000000000728,85.0,Wed,2026-07-15
