time,dir,entry,sl,tp,exit,result,R,risk_pips,bars_held,pair
2023-12-14 08:45:00,long,1.09019,1.08532599061105,1.0999180187779,1.0999180187779,win,2.0,48.64009388950041,29,EURUSD
2024-01-12 08:45:00,long,1.09749,1.093707204517527,1.1050555909649464,1.093707204517527,loss,-1.0,37.827954824731776,16,EURUSD
2024-01-12 13:00:00,long,1.09441,1.0906935772485233,1.1018428455029536,1.0906935772485233,loss,-1.0,37.16422751476767,174,EURUSD
2024-03-06 10:45:00,long,1.08773,1.085147144763247,1.0928957104735062,1.0928957104735062,win,2.0,25.828552367530566,116,EURUSD
2024-03-14 12:30:00,long,1.09419,1.0918479113816955,1.098874177236609,1.0918479113816955,loss,-1.0,23.420886183045386,4,EURUSD
2024-03-15 08:15:00,long,1.08842,1.0859113605275967,1.0934372789448064,1.0859113605275967,loss,-1.0,25.08639472403207,190,EURUSD
2024-03-19 08:15:00,long,1.08501,1.083074810312821,1.0888803793743582,1.0888803793743582,win,2.0,19.351896871790952,135,EURUSD
2024-05-02 09:15:00,short,1.0698,1.0735202041261018,1.0623595917477966,1.0735202041261018,loss,-1.0,37.20204126101745,65,EURUSD
2024-05-30 10:15:00,long,1.0815,1.0785397361335607,1.0874205277328783,1.0874205277328783,win,2.0,29.602638664392167,105,EURUSD
2024-08-07 09:45:00,long,1.09137,1.0875835548451436,1.0989428903097127,1.0916,timeout,0.060742989953244564,37.86445154856377,200,EURUSD
2024-08-27 13:45:00,long,1.11679,1.113709345800894,1.122951308398212,1.113709345800894,loss,-1.0,30.8065419910597,65,EURUSD
2024-09-26 12:30:00,long,1.11541,1.1115002619649677,1.1232294760700647,1.1147,timeout,-0.18159784457121858,39.09738035032362,200,EURUSD
2024-10-01 11:45:00,long,1.10845,1.1035139719342555,1.1183220561314888,1.1035139719342555,loss,-1.0,49.36028065744446,109,EURUSD
2024-11-25 12:15:00,short,1.04759,1.0542383600067906,1.0342932799864188,1.0542383600067906,loss,-1.0,66.48360006790588,96,EURUSD
2024-12-04 19:15:00,short,1.05152,1.0571704896393497,1.0402190207213007,1.0571704896393497,loss,-1.0,56.50489639349665,75,EURUSD
2025-01-14 16:15:00,short,1.02863,1.033410768348632,1.0190684633027358,1.033410768348632,loss,-1.0,47.807683486320585,85,EURUSD
2025-01-30 10:30:00,short,1.04061,1.0444749518357237,1.0328800963285527,1.0444749518357237,loss,-1.0,38.64951835723662,13,EURUSD
2025-04-30 07:00:00,long,1.13883,1.133480799713534,1.1495284005729318,1.133480799713534,loss,-1.0,53.49200286465905,33,EURUSD
2025-04-30 17:30:00,long,1.1363,1.1305742420653733,1.1477515158692537,1.1305742420653733,loss,-1.0,57.25757934626818,33,EURUSD
2025-05-01 11:15:00,long,1.13371,1.1284189236074889,1.1442921527850223,1.1284189236074889,loss,-1.0,52.910763925111404,13,EURUSD
2025-06-04 08:15:00,long,1.13899,1.1345351461197832,1.1478997077604334,1.1478997077604334,win,2.0,44.54853880216714,116,EURUSD
2025-06-06 11:30:00,long,1.14262,1.1381301894199194,1.1515996211601611,1.1381301894199194,loss,-1.0,44.89810580080577,7,EURUSD
2025-06-17 13:30:00,long,1.1562,1.1514060719922472,1.1657878560155053,1.1514060719922472,loss,-1.0,47.9392800775269,4,EURUSD
2025-07-02 07:00:00,long,1.17827,1.1733559233473774,1.188098153305245,1.1733559233473774,loss,-1.0,49.14076652622556,118,EURUSD
2025-09-02 07:30:00,long,1.1672,1.1638071217300237,1.1739857565399527,1.1638071217300237,loss,-1.0,33.92878269976362,2,EURUSD
2026-07-06 08:00:00,short,1.14192,1.1445102256854278,1.1367395486291445,1.1445102256854278,loss,-1.0,25.902256854277717,60,EURUSD
2026-07-09 10:15:00,short,1.14271,1.1454879179353947,1.1371541641292102,1.1454879179353947,loss,-1.0,27.779179353948358,63,EURUSD
2026-07-14 08:45:00,short,1.13996,1.143243283551746,1.133393432896508,1.143243283551746,loss,-1.0,32.832835517460076,15,EURUSD
2023-12-14 08:00:00,long,1.26241,1.2559174179964656,1.2753951640070689,1.2753951640070689,win,2.0,64.92582003534419,27,GBPUSD
2023-12-29 10:30:00,long,1.27242,1.266618990551238,1.2840220188975244,1.266618990551238,loss,-1.0,58.01009448762162,100,GBPUSD
2024-03-07 09:15:00,long,1.27469,1.2712082365714024,1.2816535268571956,1.2816535268571956,win,2.0,34.81763428597739,59,GBPUSD
2024-03-12 07:15:00,long,1.28079,1.277331683939218,1.2877066321215644,1.277331683939218,loss,-1.0,34.58316060782174,21,GBPUSD
2024-05-17 15:15:00,long,1.27056,1.2673348438001493,1.2770103123997012,1.27068,timeout,0.037207500215238325,32.251561998506425,200,GBPUSD
2024-05-23 08:00:00,long,1.27353,1.270040413588889,1.2805091728222222,1.270040413588889,loss,-1.0,34.89586411111078,39,GBPUSD
2024-05-23 18:00:00,long,1.26972,1.2655057773791967,1.2781484452416065,1.27706,timeout,1.7417209911423763,42.142226208032874,200,GBPUSD
2024-06-06 12:15:00,long,1.2779,1.2742540647110805,1.2851918705778391,1.2742540647110805,loss,-1.0,36.459352889195436,97,GBPUSD
2024-06-10 14:15:00,long,1.27139,1.2675321617391766,1.2791056765216469,1.2791056765216469,win,2.0,38.57838260823421,185,GBPUSD
2024-06-13 12:15:00,long,1.27749,1.272911794048573,1.286646411902854,1.272911794048573,loss,-1.0,45.782059514269946,73,GBPUSD
2024-06-19 13:30:00,long,1.27206,1.2687053625611344,1.278769274877731,1.2687053625611344,loss,-1.0,33.54637438865549,86,GBPUSD
2024-09-09 12:00:00,long,1.3089,1.3035527281073687,1.3195945437852625,1.3035527281073687,loss,-1.0,53.472718926312886,199,GBPUSD
2025-01-07 07:45:00,short,1.2552,1.2607362722249125,1.2441274555501753,1.2441274555501753,win,2.0,55.36272224912375,100,GBPUSD
2025-02-03 09:30:00,short,1.23013,1.2381080345197302,1.2141739309605395,1.2381080345197302,loss,-1.0,79.78034519730225,23,GBPUSD
2025-02-04 10:30:00,short,1.24177,1.2503992160734985,1.2245115678530032,1.2503992160734985,loss,-1.0,86.29216073498424,83,GBPUSD
2025-04-30 07:00:00,long,1.33988,1.3351463003722712,1.3493473992554574,1.3351463003722712,loss,-1.0,47.336996277287376,21,GBPUSD
2025-05-01 14:45:00,long,1.32952,1.3242492365706575,1.340061526858685,1.32735,timeout,-0.411705064947431,52.70763429342517,200,GBPUSD
2025-09-08 15:00:00,long,1.35438,1.349313943438391,1.3645121131232179,1.35384,timeout,-0.10659178266823027,50.66056561608967,200,GBPUSD
2025-12-26 10:00:00,long,1.34897,1.3450718744605281,1.3567662510789438,1.35055,timeout,0.4053230158959866,38.98125539471886,200,GBPUSD
2026-01-14 14:00:00,long,1.34522,1.3414203871585573,1.3528192256828857,1.3414203871585573,loss,-1.0,37.99612841442812,89,GBPUSD
2026-02-12 07:45:00,long,1.36322,1.3575871340757768,1.3744857318484467,1.36446,timeout,0.2201366083768253,56.32865924223296,200,GBPUSD
2026-05-05 14:15:00,long,1.35593,1.351206978973055,1.3653760420538903,1.36046,timeout,0.9591318721970562,47.230210269451064,200,GBPUSD
2026-06-25 21:15:00,short,1.31916,1.3236965331602477,1.310086933679505,1.3236965331602477,loss,-1.0,45.36533160247602,157,GBPUSD
2026-09-07 12:15:00,long,1.35354,1.3499080443363514,1.3608039113272972,1.35586,timeout,0.6387743174346647,36.319556636486006,200,GBPUSD
2024-08-23 02:30:00,short,145.485,146.48334732893954,143.48830534212095,143.48830534212095,win,2.0,99.83473289395306,89,USDJPY
2024-10-02 04:00:00,short,144.026,145.15430892660058,141.76938214679888,145.15430892660058,loss,-1.0,112.83089266005675,33,USDJPY
2024-11-18 08:00:00,long,154.745,153.61630841542888,157.00238316914226,153.61630841542888,loss,-1.0,112.86915845711292,98,USDJPY
2024-11-25 01:45:00,long,153.768,152.94633169461238,155.41133661077524,152.94633169461238,loss,-1.0,82.16683053876181,184,USDJPY
2025-01-09 13:00:00,long,157.733,157.126964162811,158.94507167437803,157.126964162811,loss,-1.0,60.60358371890118,178,USDJPY
2025-03-24 00:00:00,short,149.499,150.24794955162338,148.00110089675323,150.24794955162338,loss,-1.0,74.8949551623383,55,USDJPY
2025-04-30 02:00:00,short,142.463,143.17669191810913,141.03561616378173,143.17669191810913,loss,-1.0,71.36919181091343,74,USDJPY
2025-06-04 01:00:00,short,143.888,144.6241445017585,142.415710996483,143.771,timeout,0.1589361867412294,73.61445017585027,200,USDJPY
2025-10-13 08:15:00,long,152.362,151.44763402264553,154.19073195470892,151.44763402264553,loss,-1.0,91.43659773544641,163,USDJPY
2025-10-23 05:45:00,long,152.37,151.70458344462432,153.70083311075138,153.013,timeout,0.9663119963057897,66.54165553756854,200,USDJPY
2025-12-10 15:30:00,long,156.459,155.9555422124327,157.4659155751346,155.9555422124327,loss,-1.0,50.34577875672994,18,USDJPY
2025-12-12 17:00:00,long,155.884,155.29656692228457,157.05886615543082,155.29656692228457,loss,-1.0,58.74330777154171,45,USDJPY
2026-01-02 16:30:00,long,156.701,156.27216949307447,157.55866101385104,156.27216949307447,loss,-1.0,42.88305069255216,99,USDJPY
2026-03-31 13:15:00,long,159.292,158.75691222808845,160.3621755438231,158.75691222808845,loss,-1.0,53.50877719115488,16,USDJPY
2026-06-26 06:30:00,long,161.697,161.39808336201637,162.29483327596728,162.29483327596728,win,2.0,29.891663798363766,169,USDJPY
2026-07-10 00:00:00,long,162.391,162.05680982534133,163.0593803493173,162.05680982534133,loss,-1.0,33.41901746586586,3,USDJPY
2023-12-12 11:45:00,short,0.87515,0.8785871126935396,0.8682757746129207,0.8682757746129207,win,2.0,34.37112693539635,154,USDCHF
2024-04-16 13:00:00,long,0.91284,0.9094588873385651,0.9196022253228698,0.9094588873385651,loss,-1.0,33.81112661434926,78,USDCHF
2024-04-25 12:30:00,long,0.91487,0.9116603438030636,0.9212893123938727,0.9116603438030636,loss,-1.0,32.09656196936361,34,USDCHF
2024-04-25 21:15:00,long,0.91214,0.9090309802595717,0.9183580394808564,0.9090309802595717,loss,-1.0,31.090197404282094,174,USDCHF
2024-05-08 07:45:00,long,0.909,0.9062666988846853,0.9144666022306296,0.9062666988846853,loss,-1.0,27.33301115314779,123,USDCHF
2024-08-23 09:00:00,short,0.85211,0.8552280470083377,0.8458739059833248,0.8458739059833248,win,2.0,31.18047008337621,61,USDCHF
2024-08-27 08:15:00,short,0.84726,0.8505037129350443,0.8407725741299114,0.8407725741299114,win,2.0,32.43712935044329,173,USDCHF
2024-09-09 09:15:00,short,0.84769,0.8523989136199525,0.8382721727600952,0.84616,timeout,0.3249157074186245,47.089136199524035,200,USDCHF
2025-01-14 13:15:00,long,0.91697,0.9135947521264698,0.9237204957470603,0.9135947521264698,loss,-1.0,33.75247873530163,12,USDCHF
2025-01-30 13:30:00,long,0.90829,0.905331431196947,0.9142071376061061,0.9142071376061061,win,2.0,29.585688030530076,130,USDCHF
2025-04-17 16:30:00,short,0.82094,0.827634788691022,0.807550422617956,0.807550422617956,win,2.0,66.94788691022025,136,USDCHF
2025-04-30 11:30:00,short,0.82469,0.8293424237683987,0.8153851524632026,0.8293424237683987,loss,-1.0,46.52423768398695,106,USDCHF
2025-06-16 21:00:00,short,0.81237,0.8166180988914948,0.8038738022170104,0.8166180988914948,loss,-1.0,42.480988914948,87,USDCHF
2025-07-02 08:00:00,short,0.79244,0.7965565141801598,0.7842069716396805,0.7965565141801598,loss,-1.0,41.16514180159791,114,USDCHF
2025-07-11 07:00:00,short,0.79701,0.7999166149966821,0.7911967700066358,0.79589,timeout,0.3853279506499793,29.066149966820998,200,USDCHF
2025-08-27 08:30:00,short,0.80676,0.8101262819494294,0.8000274361011414,0.8000274361011414,win,2.0,33.662819494293394,103,USDCHF
2025-09-01 13:00:00,short,0.80042,0.8038384743020075,0.7935830513959851,0.8038384743020075,loss,-1.0,34.18474302007479,76,USDCHF
2025-12-17 13:45:00,short,0.79576,0.7986734689430445,0.7899330621139111,0.79587,timeout,-0.03775567962121408,29.134689430444503,200,USDCHF
2025-12-19 16:00:00,short,0.79549,0.7981390120423664,0.7901919759152674,0.7901919759152674,win,2.0,26.490120423663388,136,USDCHF
2025-12-26 10:00:00,short,0.78972,0.7924098094031727,0.7843403811936545,0.78898,timeout,0.2751124295747859,26.898094031727602,200,USDCHF
2026-02-12 08:00:00,short,0.77074,0.7750384845591982,0.7621430308816035,0.76939,timeout,0.314064173409935,42.98484559198234,200,USDCHF
2026-05-11 13:30:00,short,0.7775,0.7801054271819211,0.7722891456361577,0.7801054271819211,loss,-1.0,26.054271819211383,69,USDCHF
2026-05-12 11:15:00,short,0.78096,0.7835897611781492,0.7757004776437016,0.78205,timeout,-0.414486307371523,26.297611781491703,200,USDCHF
2026-07-30 08:45:00,long,0.81623,0.8124941105861601,0.8237017788276799,0.8124941105861601,loss,-1.0,37.35889413839954,6,USDCHF
2024-05-02 13:30:00,long,1.37184,1.3679096543432623,1.3797006913134753,1.3679096543432623,loss,-1.0,39.30345656737666,18,USDCAD
2024-10-24 13:15:00,long,1.38217,1.3797727528215058,1.386964494356988,1.386964494356988,win,2.0,23.972471784940996,101,USDCAD
2024-10-29 14:00:00,long,1.38998,1.3871385131744762,1.3956629736510475,1.39331,timeout,1.171921674979522,28.414868255237646,200,USDCAD
2024-11-04 13:15:00,long,1.39052,1.3866586076546448,1.3982427846907104,1.3866586076546448,loss,-1.0,38.613923453552076,100,USDCAD
2024-11-29 18:00:00,long,1.40014,1.3953935579237409,1.409632884152518,1.40625,timeout,1.2872800092855408,47.46442076259072,200,USDCAD
2024-12-30 13:45:00,long,1.44079,1.437096174216437,1.448177651567126,1.437096174216437,loss,-1.0,36.93825783563032,13,USDCAD
2025-01-13 21:00:00,long,1.43983,1.43509072568699,1.4493085486260198,1.43509072568699,loss,-1.0,47.39274313009911,10,USDCAD
2025-06-09 14:30:00,short,1.36931,1.3724408473937946,1.363048305212411,1.3724408473937946,loss,-1.0,31.308473937945447,66,USDCAD
2025-07-04 18:00:00,short,1.36085,1.3644957449062685,1.3535585101874628,1.3644957449062685,loss,-1.0,36.45744906268566,50,USDCAD
2025-11-24 13:00:00,long,1.41032,1.4071146162694816,1.4167307674610368,1.4071146162694816,loss,-1.0,32.05383730518374,154,USDCAD
2026-05-06 14:45:00,short,1.3616,1.364699102115985,1.3554017957680295,1.364699102115985,loss,-1.0,30.99102115985186,116,USDCAD
2026-07-07 15:45:00,long,1.41952,1.4166943284332945,1.4251713431334108,1.4166943284332945,loss,-1.0,28.256715667054344,63,USDCAD
2023-10-17 03:00:00,short,0.63536,0.6387141494017847,0.6286517011964307,0.6387141494017847,loss,-1.0,33.541494017846894,26,AUDUSD
2023-11-30 08:45:00,long,0.66207,0.6584683018748875,0.6692733962502252,0.6584683018748875,loss,-1.0,36.016981251125735,21,AUDUSD
2023-12-05 00:30:00,long,0.66201,0.6579333789826999,0.6701632420346002,0.6579333789826999,loss,-1.0,40.76621017300108,12,AUDUSD
2023-12-06 00:30:00,long,0.65679,0.6530745587721575,0.664220882455685,0.6530745587721575,loss,-1.0,37.154412278425085,107,AUDUSD
2023-12-12 14:00:00,long,0.65736,0.6535750297980364,0.6649299404039274,0.6649299404039274,win,2.0,37.849702019636666,117,AUDUSD
2023-12-15 19:30:00,long,0.67014,0.6644715249390125,0.6814769501219748,0.6763,timeout,1.0867120228499316,56.684750609874435,200,AUDUSD
2023-12-29 04:30:00,long,0.68381,0.6802530531447628,0.6909238937104745,0.6802530531447628,loss,-1.0,35.56946855237219,22,AUDUSD
2024-05-17 05:00:00,long,0.66687,0.6638640577450879,0.672881884509824,0.66655,timeout,-0.1064558041582715,30.059422549120196,200,AUDUSD
2024-05-21 08:45:00,long,0.66653,0.6635638873750183,0.6724622252499634,0.6635638873750183,loss,-1.0,29.66112624981698,119,AUDUSD
2024-06-21 08:00:00,long,0.66564,0.6634514037314634,0.6700171925370733,0.6634514037314634,loss,-1.0,21.885962685366245,28,AUDUSD
2024-07-03 01:30:00,long,0.66731,0.6647156270581532,0.6724987458836934,0.6724987458836934,win,2.0,25.943729418467232,50,AUDUSD
2024-08-23 13:45:00,long,0.67318,0.6707361057102397,0.6780677885795207,0.6780677885795207,win,2.0,24.438942897603287,2,AUDUSD
2024-08-26 13:00:00,long,0.67758,0.6748039162212026,0.6831321675575946,0.67877,timeout,0.4286614147198239,27.760837787973447,200,AUDUSD
2024-08-28 16:30:00,long,0.67753,0.6746104044699432,0.6833691910601134,0.67656,timeout,-0.33223780143993836,29.195955300567178,200,AUDUSD
2024-09-13 18:00:00,long,0.67074,0.667464575499679,0.6772908490006421,0.67558,timeout,1.4776710620335085,32.754245003210336,200,AUDUSD
2024-09-18 00:00:00,long,0.67622,0.6734014964492699,0.6818570071014602,0.6818570071014602,win,2.0,28.185035507301002,74,AUDUSD
2024-09-20 15:30:00,long,0.68024,0.6761802307035282,0.6883595385929435,0.6883595385929435,win,2.0,40.59769296471782,197,AUDUSD
2024-10-02 00:15:00,long,0.68833,0.6838070087166451,0.6973759825667097,0.6838070087166451,loss,-1.0,45.22991283354871,145,AUDUSD
2024-11-25 03:15:00,short,0.65277,0.656768271878486,0.644773456243028,0.644773456243028,win,2.0,39.98271878486003,83,AUDUSD
2024-11-27 08:30:00,short,0.64862,0.6529151298978432,0.6400297402043136,0.65035,timeout,-0.40278176473049865,42.95129897843197,200,AUDUSD
2024-12-16 06:00:00,short,0.63715,0.6403392809953593,0.6307714380092814,0.63115,timeout,1.8813017757703197,31.892809953593115,200,AUDUSD
2024-12-20 15:45:00,short,0.62462,0.6281725689352731,0.6175148621294537,0.62281,timeout,0.5094904653442929,35.52568935273115,200,AUDUSD
2025-01-03 01:15:00,short,0.62097,0.6239353841365527,0.6150392317268947,0.6239353841365527,loss,-1.0,29.653841365526734,96,AUDUSD
2025-01-20 08:45:00,short,0.62099,0.6246156076596461,0.613738784680708,0.6246156076596461,loss,-1.0,36.25607659646035,19,AUDUSD
2025-04-03 01:45:00,short,0.62748,0.6325718394568502,0.6172963210862996,0.6325718394568502,loss,-1.0,50.91839456850211,27,AUDUSD
2025-06-18 02:15:00,long,0.64901,0.6448697813247377,0.6572904373505245,0.6448697813247377,loss,-1.0,41.40218675262263,144,AUDUSD
2025-09-25 03:45:00,long,0.6599,0.657121940424099,0.6654561191518021,0.657121940424099,loss,-1.0,27.780595759010485,35,AUDUSD
2026-01-14 06:30:00,long,0.66969,0.6670770611562451,0.6749158776875098,0.6670770611562451,loss,-1.0,26.129388437549082,83,AUDUSD
2026-02-11 13:30:00,long,0.7102,0.7064747221235206,0.717650555752959,0.7064747221235206,loss,-1.0,37.25277876479471,162,AUDUSD
2026-03-17 02:00:00,long,0.70819,0.703524482689901,0.717521034620198,0.703524482689901,loss,-1.0,46.6551731009901,167,AUDUSD
2026-04-29 07:45:00,long,0.71633,0.7134486572096588,0.7220926855806825,0.7134486572096588,loss,-1.0,28.813427903412457,24,AUDUSD
2026-05-04 06:45:00,long,0.7198,0.7165448936591431,0.7263102126817138,0.7165448936591431,loss,-1.0,32.55106340856906,36,AUDUSD
2026-09-09 15:15:00,long,0.7215,0.7193933344126611,0.725713331174678,0.72194,timeout,0.20886086650125732,21.066655873389628,51,AUDUSD
2023-11-22 14:30:00,long,0.60194,0.5981620835934304,0.6094958328131393,0.60817,timeout,1.6490571334945936,37.77916406569659,200,NZDUSD
2023-12-06 18:15:00,long,0.6153,0.6117314746229924,0.6224370507540151,0.6117314746229924,loss,-1.0,35.68525377007581,34,NZDUSD
2023-12-12 05:00:00,long,0.61526,0.6120971393993916,0.6215857212012169,0.6120971393993916,loss,-1.0,31.628606006084414,35,NZDUSD
2023-12-15 14:00:00,long,0.62017,0.6149425652797347,0.6306248694405306,0.6268,timeout,1.2683085212517993,52.274347202653225,200,NZDUSD
2024-01-05 13:00:00,long,0.62183,0.6184556556855462,0.6285786886289076,0.6184556556855462,loss,-1.0,33.743443144538254,2,NZDUSD
2024-01-08 00:45:00,long,0.62532,0.6209859512714504,0.6339880974570992,0.6239,timeout,-0.3276382175045796,43.34048728549588,200,NZDUSD
2024-01-12 02:15:00,long,0.62568,0.6215886999785853,0.6338626000428293,0.6215886999785853,loss,-1.0,40.91300021414668,117,NZDUSD
2024-03-12 06:30:00,long,0.61699,0.6148064758533982,0.6213570482932037,0.6148064758533982,loss,-1.0,21.83524146601834,24,NZDUSD
2024-04-22 02:15:00,short,0.59236,0.595535968072287,0.5860080638554259,0.59434,timeout,-0.6234319599359728,31.759680722870385,200,NZDUSD
2024-05-30 01:00:00,long,0.61103,0.6087916034003283,0.6155067931993432,0.6155067931993432,win,2.0,22.383965996716213,143,NZDUSD
2024-06-06 08:15:00,long,0.61818,0.6154421318798141,0.6236557362403716,0.6154421318798141,loss,-1.0,27.378681201858377,113,NZDUSD
2024-06-13 00:45:00,long,0.61811,0.6144615013362151,0.6254069973275699,0.6144615013362151,loss,-1.0,36.48498663784916,117,NZDUSD
2024-11-15 13:30:00,short,0.58653,0.5898126208401022,0.5799647583197955,0.5898126208401022,loss,-1.0,32.826208401022235,153,NZDUSD
2025-02-11 17:45:00,short,0.56521,0.5675697577185914,0.5604904845628171,0.5604904845628171,win,2.0,23.597577185914265,80,NZDUSD
2025-02-13 16:30:00,short,0.56486,0.5682559859955041,0.5580680280089919,0.5682559859955041,loss,-1.0,33.959859955040585,34,NZDUSD
2025-05-30 08:15:00,long,0.59581,0.5916387339719847,0.6041525320560304,0.6041525320560304,win,2.0,41.71266028015208,142,NZDUSD
2025-06-04 03:45:00,long,0.60015,0.5965579624092039,0.6073340751815921,0.6073340751815921,win,2.0,35.92037590796071,134,NZDUSD
2025-06-25 13:15:00,long,0.60173,0.5981318151870169,0.6089263696259662,0.60584,timeout,1.142242606652714,35.98184812983129,200,NZDUSD
2025-10-15 21:00:00,short,0.5716,0.5741894072583184,0.5664211854833633,0.5741894072583184,loss,-1.0,25.894072583183547,17,NZDUSD
2025-11-24 14:30:00,short,0.5602,0.5628952552350596,0.554809489529881,0.5628952552350596,loss,-1.0,26.952552350595347,136,NZDUSD
2026-01-16 15:45:00,short,0.57458,0.5767490261625573,0.5702419476748853,0.5767490261625573,loss,-1.0,21.690261625573193,37,NZDUSD
2026-01-19 01:15:00,short,0.57668,0.5787881129843208,0.5724637740313584,0.5787881129843208,loss,-1.0,21.08112984320787,48,NZDUSD
2026-02-12 16:30:00,long,0.60496,0.601567300509719,0.6117453989805622,0.601567300509719,loss,-1.0,33.926994902810925,58,NZDUSD
2026-02-13 15:15:00,long,0.60372,0.6002075535360014,0.6107448929279973,0.60323,timeout,-0.1395039056174446,35.12446463998619,200,NZDUSD
2026-05-12 05:45:00,long,0.59553,0.5928983160359313,0.6007933679281373,0.5928983160359313,loss,-1.0,26.31683964068654,107,NZDUSD
2026-06-26 08:45:00,short,0.56499,0.5675313424394743,0.5599073151210513,0.56623,timeout,-0.48793109529013373,25.413424394743476,200,NZDUSD
2023-11-17 12:45:00,long,0.87404,0.8719126133924906,0.8782947732150189,0.87305,timeout,-0.4653597030767494,21.273866075094404,200,EURGBP
2024-03-20 12:45:00,short,0.85413,0.855660598628644,0.8510688027427119,0.855660598628644,loss,-1.0,15.305986286440199,91,EURGBP
2024-06-05 07:45:00,short,0.85114,0.8526240778672965,0.8481718442654069,0.85114,timeout,0.0,14.840778672965405,200,EURGBP
2024-06-07 10:30:00,short,0.85118,0.8525058042407027,0.8485283915185948,0.8485283915185948,win,2.0,13.258042407026105,42,EURGBP
2024-06-17 08:30:00,short,0.84484,0.8469010178274893,0.8407179643450216,0.84346,timeout,0.6695720830717807,20.61017827489242,200,EURGBP
2024-07-25 08:00:00,short,0.84088,0.8424113434013283,0.8378173131973433,0.8424113434013283,loss,-1.0,15.313434013283223,11,EURGBP
2024-10-11 07:00:00,short,0.83784,0.8396721168299391,0.8341757663401218,0.8341757663401218,win,2.0,18.321168299391122,192,EURGBP
2024-10-15 12:45:00,short,0.83355,0.8351504364151833,0.8303491271696335,0.8351504364151833,loss,-1.0,16.004364151832593,69,EURGBP
2024-10-21 08:30:00,short,0.83368,0.8356178947912608,0.8298042104174783,0.83092,timeout,1.4242259241557058,19.3789479126083,200,EURGBP
2024-10-31 12:15:00,short,0.83756,0.8401699376441161,0.8323401247117678,0.8401699376441161,loss,-1.0,26.099376441161002,7,EURGBP
2024-12-19 08:00:00,short,0.82404,0.8266007148088601,0.8189185703822798,0.8266007148088601,loss,-1.0,25.607148088601093,27,EURGBP
2024-12-31 07:00:00,short,0.82889,0.83102058627163,0.82462882745674,0.83102058627163,loss,-1.0,21.30586271629986,119,EURGBP
2025-04-22 07:15:00,long,0.85916,0.8559686659356038,0.8655426681287924,0.8559686659356038,loss,-1.0,31.913340643962005,55,EURGBP
2025-07-29 08:45:00,long,0.8671,0.8646628979739104,0.8719742040521792,0.8646628979739104,loss,-1.0,24.371020260895992,13,EURGBP
2025-07-29 13:45:00,long,0.86605,0.863093598922626,0.8719628021547479,0.863093598922626,loss,-1.0,29.56401077373938,82,EURGBP
2025-09-08 12:30:00,long,0.86656,0.8647208724114195,0.870238255177161,0.8647208724114195,loss,-1.0,18.391275885805136,169,EURGBP
2025-09-24 10:45:00,long,0.87278,0.8707556772549588,0.8768286454900823,0.87335,timeout,0.2815756535840183,20.243227450411627,200,EURGBP
2025-11-06 12:00:00,long,0.8815,0.8791919760486885,0.8861160479026229,0.8791919760486885,loss,-1.0,23.080239513114662,24,EURGBP
2026-07-03 07:45:00,short,0.85659,0.8583733240112568,0.8530233519774864,0.85384,timeout,1.5420641356484888,17.83324011256804,200,EURGBP
2026-07-08 07:45:00,short,0.85486,0.8562584519769598,0.8520630960460802,0.8520630960460802,win,2.0,13.984519769598691,38,EURGBP
2026-08-03 10:00:00,short,0.8565,0.8580733411328585,0.8533533177342831,0.85707,timeout,-0.36228633962196183,15.733411328584523,200,EURGBP
2026-08-13 15:45:00,short,0.85437,0.8555826985627577,0.8519446028744845,0.8555826985627577,loss,-1.0,12.126985627577413,158,EURGBP
2023-11-17 02:45:00,long,163.329,162.77135585658826,164.4442882868235,162.77135585658826,loss,-1.0,55.764414341174984,23,EURJPY
2023-11-28 06:00:00,long,162.396,161.78029675745833,163.6274064850833,161.78029675745833,loss,-1.0,61.5703242541656,69,EURJPY
2024-01-18 15:00:00,long,160.906,160.3046185837563,162.1087628324874,161.208,timeout,0.5021771405679974,60.13814162436972,200,EURJPY
2024-02-12 03:30:00,long,161.067,160.61646305431563,161.96807389136876,160.61646305431563,loss,-1.0,45.05369456843766,24,EURJPY
2024-02-14 07:30:00,long,161.101,160.61181959144469,162.07936081711063,161.791,timeout,1.410522555549109,48.91804085553133,200,EURJPY
2024-02-23 15:15:00,long,162.83,162.42239070534623,163.64521858930758,163.64521858930758,win,2.0,40.760929465378126,102,EURJPY
2024-02-28 02:45:00,long,163.063,162.65519452584797,163.87861094830401,162.65519452584797,loss,-1.0,40.78054741520134,92,EURJPY
2024-04-10 06:30:00,long,164.711,164.31183248400433,165.50933503199138,164.31183248400433,loss,-1.0,39.916751599568556,25,EURJPY
2024-05-08 06:45:00,long,166.824,166.15785864601446,168.15628270797112,167.872,timeout,1.573239664118995,66.61413539855516,200,EURJPY
2024-05-16 03:30:00,long,167.691,166.88315975151716,169.3066804969657,169.3066804969657,win,2.0,80.78402484828473,157,EURJPY
2024-05-29 06:00:00,long,170.445,170.02094551965493,171.29310896069012,170.02094551965493,loss,-1.0,42.40544803450632,73,EURJPY
2024-06-07 11:15:00,long,169.4,168.63506563162403,170.92986873675196,168.63506563162403,loss,-1.0,76.49343683759753,88,EURJPY
2024-09-17 13:00:00,short,156.741,157.6019644927527,155.01907101449464,157.6019644927527,loss,-1.0,86.09644927526858,4,EURJPY
2024-10-02 04:00:00,short,159.482,160.83458799852835,156.7768240029433,160.83458799852835,loss,-1.0,135.25879985283495,36,EURJPY
2024-12-13 01:30:00,short,159.963,160.91994408757938,158.04911182484122,160.91994408757938,loss,-1.0,95.69440875793873,33,EURJPY
2025-02-03 06:15:00,short,159.191,160.54427676581827,156.48444646836347,160.54427676581827,loss,-1.0,135.3276765818265,104,EURJPY
2025-02-05 00:30:00,short,159.77,160.94969868847375,157.41060262305254,157.41060262305254,win,2.0,117.9698688473735,156,EURJPY
2025-02-07 07:15:00,short,157.56,158.47355394620388,155.73289210759225,155.73289210759225,win,2.0,91.35539462038764,59,EURJPY
2025-02-18 08:00:00,short,158.925,159.6719459989336,157.43110800213282,157.43110800213282,win,2.0,74.69459989335974,162,EURJPY
2025-02-21 13:45:00,short,157.587,158.5323909643377,155.69621807132455,156.503,timeout,1.1466155705850067,94.53909643377187,200,EURJPY
2025-02-26 03:15:00,short,156.949,157.87418781179483,155.09862437641038,155.09862437641038,win,2.0,92.51878117948138,186,EURJPY
2025-06-30 05:00:00,long,168.861,168.12558963274415,170.33182073451167,169.49,timeout,0.8553047767698922,73.54103672558381,200,EURJPY
2025-07-17 14:30:00,long,172.049,171.36681537463505,173.41336925072991,172.172,timeout,0.1803030960045283,68.2184625364954,200,EURJPY
2025-07-29 00:15:00,long,172.216,171.49041450802378,173.66717098395247,171.49041450802378,loss,-1.0,72.55854919762328,25,EURJPY
2025-07-30 08:30:00,long,171.024,170.3777597864236,172.31648042715278,170.3777597864236,loss,-1.0,64.6240213576391,69,EURJPY
2025-07-31 03:00:00,long,170.06,169.43987623029543,171.30024753940916,171.30024753940916,win,2.0,62.012376970457694,23,EURJPY
2025-09-17 11:30:00,long,173.23,172.77982061325113,174.1303587734977,174.1303587734977,win,2.0,45.01793867488573,82,EURJPY
2025-10-16 06:00:00,long,176.186,175.48877096649198,177.58045806701605,175.48877096649198,loss,-1.0,69.72290335080231,43,EURJPY
2025-10-22 01:00:00,long,175.977,175.29615963069412,177.33868073861177,177.33868073861177,win,2.0,68.08403693058835,150,EURJPY
2025-12-24 03:15:00,long,183.705,183.0069524732269,185.10109505354623,183.877,timeout,0.24640156064316696,69.80475267731094,200,EURJPY
2026-01-05 02:15:00,long,183.712,183.1947200879953,184.74655982400935,183.1947200879953,loss,-1.0,51.72799120046818,26,EURJPY
2026-04-06 03:15:00,long,183.858,183.36724206418975,184.8395158716205,184.8395158716205,win,2.0,49.075793581025096,138,EURJPY
2026-04-28 06:30:00,long,186.243,185.81577092244427,187.09745815511144,187.09745815511144,win,2.0,42.72290775557224,122,EURJPY
2026-06-12 03:15:00,long,185.414,184.86466407215363,186.5126718556927,185.563,timeout,0.27123658302151765,54.93359278463572,200,EURJPY
2023-11-21 14:00:00,long,0.96697,0.964863151724915,0.97118369655017,0.964863151724915,loss,-1.0,21.06848275085005,7,EURCHF
2023-11-22 13:45:00,long,0.96341,0.9614438480110602,0.9673423039778796,0.96467,timeout,0.6408456757605344,19.661519889397905,200,EURCHF
2023-11-28 08:00:00,long,0.96393,0.9621364612833279,0.9675170774333441,0.9621364612833279,loss,-1.0,17.93538716672094,103,EURCHF
2023-12-27 07:30:00,short,0.94317,0.9458982784837185,0.9377134430325628,0.9377134430325628,win,2.0,27.282784837185936,34,EURCHF
2024-01-02 10:15:00,short,0.9326,0.9372540876469179,0.9232918247061642,0.93138,timeout,0.26213515785589697,46.54087646917881,200,EURCHF
2024-01-05 09:30:00,short,0.93084,0.9342619199587191,0.9239961600825618,0.93028,timeout,0.16365081789044106,34.21919958719099,200,EURCHF
2024-01-09 15:45:00,short,0.93044,0.933331089701715,0.9246578205965702,0.933331089701715,loss,-1.0,28.910897017149217,79,EURCHF
2024-01-10 12:00:00,short,0.93299,0.9355167499043541,0.9279365001912918,0.9355167499043541,loss,-1.0,25.267499043540862,104,EURCHF
2024-01-26 10:00:00,short,0.93794,0.9405008811537574,0.9328182376924852,0.9328182376924852,win,2.0,25.608811537574105,91,EURCHF
2024-01-30 08:45:00,short,0.93332,0.9361074286785371,0.9277451426429258,0.9361074286785371,loss,-1.0,27.87428678537096,17,EURCHF
2024-01-31 11:30:00,short,0.93533,0.9379131279722958,0.9301637440554085,0.93297,timeout,0.9136210150295311,25.83127972295762,200,EURCHF
2024-04-23 07:15:00,long,0.97191,0.9687734055332906,0.9781831889334189,0.9781831889334189,win,2.0,31.365944667094414,142,EURCHF
2024-07-15 09:45:00,long,0.97538,0.972571662642414,0.980996674715172,0.972571662642414,loss,-1.0,28.083373575860104,184,EURCHF
2024-08-20 13:00:00,short,0.95299,0.9561548914244636,0.9466602171510727,0.9466602171510727,win,2.0,31.648914244636337,170,EURCHF
2024-08-26 12:00:00,short,0.94582,0.9486217063299917,0.9402165873400167,0.9402165873400167,win,2.0,28.0170632999166,168,EURCHF
2024-08-29 10:45:00,short,0.93579,0.9386551969858864,0.9300596060282272,0.9386551969858864,loss,-1.0,28.65196985886387,7,EURCHF
2024-12-03 07:30:00,short,0.93129,0.9339523140925002,0.9259653718149994,0.93164,timeout,-0.1314645784980891,26.62314092500284,200,EURCHF
2025-04-02 09:00:00,long,0.95534,0.9525007526539438,0.9610184946921122,0.9610184946921122,win,2.0,28.392473460561174,45,EURCHF
2025-05-01 13:15:00,short,0.93785,0.9414396647420156,0.9306706705159687,0.93177,timeout,1.6937514884986264,35.89664742015608,200,EURCHF
2025-05-07 08:45:00,short,0.93763,0.941154766123087,0.9305804677538259,0.9305804677538259,win,2.0,35.24766123087053,29,EURCHF
2025-07-08 13:15:00,short,0.93512,0.9376243357555969,0.9301113284888061,0.9301113284888061,win,2.0,25.043357555969425,127,EURCHF
2025-07-16 09:00:00,short,0.9312,0.9336016917392447,0.9263966165215107,0.9336016917392447,loss,-1.0,24.01691739244649,183,EURCHF
2025-08-01 07:30:00,short,0.92953,0.9325958367435436,0.9233983265129126,0.9325958367435436,loss,-1.0,30.658367435436595,54,EURCHF
2025-10-22 07:00:00,short,0.92345,0.9259663346724473,0.9184173306551054,0.9237,timeout,-0.09935085453352425,25.163346724472735,200,EURCHF
2025-11-12 10:15:00,short,0.9247,0.9268873817918164,0.9203252364163671,0.9203252364163671,win,2.0,21.873817918164338,183,EURCHF
2026-02-11 11:00:00,short,0.91282,0.9159058548683435,0.9066482902633128,0.9159058548683435,loss,-1.0,30.858548683435625,14,EURCHF
2026-02-13 09:15:00,short,0.91266,0.9158313178393667,0.9063173643212667,0.91115,timeout,0.4761427508955021,31.713178393666386,200,EURCHF
2026-02-20 13:15:00,short,0.91288,0.9149223663427639,0.9087952673144722,0.91204,timeout,0.4112876237782635,20.423663427638903,200,EURCHF
2026-02-25 14:15:00,short,0.91203,0.9137937105556097,0.9085025788887807,0.9085025788887807,win,2.0,17.637105556096433,31,EURCHF
2026-02-26 07:00:00,short,0.91221,0.9143696208825435,0.9078907582349129,0.9143696208825435,loss,-1.0,21.596208825435113,17,EURCHF
2026-03-03 07:30:00,short,0.91156,0.9153634173593912,0.9039531652812177,0.90539,timeout,1.6222253350044356,38.03417359391159,200,EURCHF
2026-06-02 11:45:00,short,0.91456,0.9167251557044664,0.9102296885910672,0.9167251557044664,loss,-1.0,21.651557044664038,73,EURCHF
2026-07-31 09:00:00,long,0.92948,0.9267059582868742,0.9350280834262515,0.93245,timeout,1.070639992883682,27.740417131257853,200,EURCHF
2026-08-26 12:00:00,long,0.9381,0.9362675181729933,0.9417649636540136,0.9362675181729933,loss,-1.0,18.324818270067933,100,EURCHF
2026-09-09 12:45:00,long,0.94079,0.938879588538984,0.944610822922032,0.94152,timeout,0.3821166355502162,19.10411461016004,61,EURCHF
2023-11-28 13:30:00,long,1.4908,1.486730817766289,1.4989383644674217,1.486730817766289,loss,-1.0,40.69182233710888,172,EURCAD
2024-03-14 08:15:00,long,1.47416,1.4714050347482528,1.4796699305034942,1.4714050347482528,loss,-1.0,27.549652517471213,123,EURCAD
2024-06-05 08:15:00,long,1.48696,1.4832515186120585,1.4943769627758832,1.49025,timeout,0.8871555916925277,37.084813879415535,200,EURCAD
2024-08-13 07:15:00,long,1.50102,1.498182704881964,1.506694590236072,1.506694590236072,win,2.0,28.372951180359873,44,EURCAD
2024-10-01 07:30:00,long,1.50475,1.4992713092131684,1.5157073815736632,1.4992713092131684,loss,-1.0,54.78690786831608,16,EURCAD
2024-12-16 08:15:00,long,1.49456,1.4895010516043368,1.5046778967913268,1.5046778967913268,win,2.0,50.58948395663343,131,EURCAD
2024-12-19 07:30:00,long,1.50007,1.4940463698130404,1.5121172603739192,1.4940463698130404,loss,-1.0,60.23630186959616,21,EURCAD
2025-03-17 10:15:00,long,1.56536,1.5584495512726306,1.579180897454739,1.5584495512726306,loss,-1.0,69.10448727369456,31,EURCAD
2025-04-02 07:45:00,long,1.54359,1.5377396839862099,1.5552906320275803,1.5552906320275803,win,2.0,58.503160137901574,32,EURCAD
2025-04-04 07:00:00,long,1.56181,1.5495175316458933,1.586394936708213,1.5495175316458933,loss,-1.0,122.92468354106578,56,EURCAD
2025-04-14 14:00:00,long,1.57395,1.5580695744240316,1.6057108511519367,1.57908,timeout,0.3230392016548499,158.8042557596836,200,EURCAD
2025-04-29 09:00:00,long,1.57588,1.568711918050977,1.5902161638980459,1.568711918050977,loss,-1.0,71.68081949022964,119,EURCAD
2025-06-02 10:30:00,long,1.56324,1.5571825376782447,1.5753549246435106,1.56257,timeout,-0.1106073739152535,60.574623217553025,200,EURCAD
2025-07-02 21:00:00,long,1.60287,1.597687334211609,1.6132353315767822,1.597687334211609,loss,-1.0,51.826657883911054,62,EURCAD
2025-07-10 13:30:00,long,1.60269,1.5982068460447776,1.6116563079104447,1.5982068460447776,loss,-1.0,44.83153955222363,3,EURCAD
2025-07-11 12:30:00,long,1.59816,1.5931945269313628,1.6080909461372745,1.5931945269313628,loss,-1.0,49.6547306863726,199,EURCAD
2025-10-14 15:15:00,long,1.62797,1.6224334092345172,1.6390431815309654,1.6390431815309654,win,2.0,55.3659076548274,190,EURCAD
2025-11-26 20:15:00,long,1.62804,1.6236359864956653,1.6368480270086692,1.6236359864956653,loss,-1.0,44.04013504334614,147,EURCAD
2026-01-23 08:15:00,long,1.61865,1.6153845276162715,1.6251809447674568,1.6153845276162715,loss,-1.0,32.654723837284294,21,EURCAD
2026-04-06 21:00:00,long,1.60522,1.6011090806407196,1.6134418387185612,1.6134418387185612,win,2.0,41.109193592805404,102,EURCAD
2026-04-08 14:30:00,long,1.6205,1.6147672861281948,1.6319654277436106,1.6147672861281948,loss,-1.0,57.32713871805295,16,EURCAD
2026-04-16 08:30:00,long,1.61788,1.614436350572526,1.6247672988549478,1.614436350572526,loss,-1.0,34.43649427473883,21,EURCAD
2026-04-17 12:45:00,long,1.61669,1.6134763518440713,1.6231172963118572,1.6134763518440713,loss,-1.0,32.13648155928617,10,EURCAD
2026-06-12 07:15:00,long,1.61746,1.6135265246744959,1.625326950651008,1.625326950651008,win,2.0,39.33475325504032,199,EURCAD
2026-06-29 13:00:00,long,1.6202,1.6161228608684568,1.6283542782630867,1.61797,timeout,-0.546952146603855,40.77139131543284,200,EURCAD
2026-07-01 15:15:00,long,1.61785,1.6144797553398391,1.6245904893203218,1.6245904893203218,win,2.0,33.702446601608926,175,EURCAD
2026-07-08 16:30:00,long,1.61704,1.6131063276577233,1.6249073446845534,1.61491,timeout,-0.5414787543710815,39.33672342276706,200,EURCAD
2026-08-26 12:00:00,long,1.61785,1.6146949653476246,1.6241600693047509,1.6146949653476246,loss,-1.0,31.550346523754325,94,EURCAD
2026-08-27 12:00:00,long,1.61513,1.6123310257132162,1.6207279485735675,1.6123310257132162,loss,-1.0,27.98974286783773,88,EURCAD
2023-11-29 00:30:00,short,1.65363,1.659782850658893,1.6413242986822139,1.659782850658893,loss,-1.0,61.528506588930384,45,EURAUD
2023-12-28 03:45:00,short,1.62086,1.6265031995636812,1.6095736008726376,1.6265031995636812,loss,-1.0,56.431995636812005,21,EURAUD
2024-01-03 02:00:00,short,1.62116,1.6287936455063183,1.6058927089873631,1.6287936455063183,loss,-1.0,76.33645506318398,139,EURAUD
2024-05-08 00:15:00,short,1.63105,1.6369115566167056,1.619326886766589,1.6369115566167056,loss,-1.0,58.6155661670551,37,EURAUD
2024-05-17 09:30:00,short,1.62962,1.6349580201289833,1.6189439597420336,1.62732,timeout,0.43087136137084475,53.380201289832115,200,EURAUD
2024-05-21 11:45:00,short,1.6274,1.6325151989211595,1.617169602157681,1.6325151989211595,loss,-1.0,51.15198921159525,106,EURAUD
2024-10-14 15:30:00,short,1.62231,1.6282531224387529,1.610423755122494,1.6282531224387529,loss,-1.0,59.431224387529454,129,EURAUD
2024-12-03 12:45:00,short,1.62141,1.6272711597279443,1.6096876805441114,1.6272711597279443,loss,-1.0,58.6115972794432,51,EURAUD
2024-12-31 01:45:00,long,1.67151,1.6646873644108047,1.6851552711783908,1.6646873644108047,loss,-1.0,68.2263558919538,128,EURAUD
2025-01-07 10:00:00,long,1.65911,1.6522051579513217,1.6729196840973568,1.66098,timeout,0.27082444273403017,69.04842048678361,200,EURAUD
2025-01-10 09:30:00,long,1.66552,1.6604598584713284,1.675640283057343,1.6604598584713284,loss,-1.0,50.60141528671513,95,EURAUD
2025-01-13 09:45:00,long,1.66063,1.654519523917093,1.6728509521658144,1.654519523917093,loss,-1.0,61.104760829071566,52,EURAUD
2025-01-14 01:15:00,long,1.65705,1.6508974228660955,1.6693551542678087,1.6508974228660955,loss,-1.0,61.5257713390438,186,EURAUD
2025-01-30 10:00:00,long,1.67141,1.665493210369833,1.6832435792603342,1.665493210369833,loss,-1.0,59.16789630167063,117,EURAUD
2025-02-03 01:30:00,long,1.6723,1.6654436641478825,1.6860126717042347,1.6654436641478825,loss,-1.0,68.56335852117424,26,EURAUD
2025-03-21 04:30:00,long,1.72208,1.7150470118087906,1.736145976382419,1.71718,timeout,-0.6967166539714436,70.32988191209455,200,EURAUD
2025-06-03 11:45:00,long,1.76399,1.7567291287203473,1.7785117425593053,1.7567291287203473,loss,-1.0,72.60871279652692,90,EURAUD
2025-11-24 14:00:00,long,1.78844,1.780003769936758,1.8053124601264843,1.780003769936758,loss,-1.0,84.36230063242122,167,EURAUD
2025-11-26 08:45:00,long,1.78106,1.773405314113415,1.7963693717731704,1.773405314113415,loss,-1.0,76.54685886585132,161,EURAUD
2026-02-24 14:30:00,short,1.6717,1.6784380684660165,1.6582238630679669,1.6582238630679669,win,2.0,67.38068466016544,108,EURAUD
2026-03-18 12:15:00,short,1.62753,1.633605192458716,1.6153796150825677,1.633605192458716,loss,-1.0,60.75192458716128,96,EURAUD
2026-06-02 00:00:00,short,1.624,1.6285597421720133,1.6148805156559738,1.6285597421720133,loss,-1.0,45.59742172013159,196,EURAUD
2026-08-11 02:00:00,short,1.63534,1.6384024654736027,1.6292150690527947,1.6384024654736027,loss,-1.0,30.624654736026713,10,EURAUD
2026-08-11 05:30:00,short,1.63724,1.640932136743789,1.629855726512422,1.63472,timeout,0.6825316002283204,36.92136743788987,200,EURAUD
2026-08-13 12:15:00,short,1.63523,1.638615441991629,1.6284591160167419,1.6284591160167419,win,2.0,33.85441991629045,170,EURAUD
2023-12-28 05:45:00,short,1.75061,1.757346726362991,1.7371365472740181,1.757346726362991,loss,-1.0,67.36726362990942,15,EURNZD
2024-01-03 00:15:00,short,1.74965,1.757623982384156,1.7337020352316879,1.757623982384156,loss,-1.0,79.73982384156031,154,EURNZD
2024-02-21 00:15:00,short,1.75184,1.7570914179099395,1.7413371641801212,1.74742,timeout,0.8416774432738042,52.514179099394376,200,EURNZD
2024-06-13 03:30:00,short,1.75005,1.7566852319270323,1.7367795361459357,1.74812,timeout,0.290871520577497,66.35231927032193,200,EURNZD
2024-06-17 07:00:00,short,1.74789,1.7537397636222885,1.736190472755423,1.7537397636222885,loss,-1.0,58.49763622288506,23,EURNZD
2024-06-24 06:45:00,short,1.75002,1.7547859567914674,1.7404880864170649,1.75218,timeout,-0.4532143480333697,47.65956791467518,200,EURNZD
2024-07-30 03:30:00,long,1.83973,1.8345280571770228,1.8501338856459546,1.8345280571770228,loss,-1.0,52.019428229772565,11,EURNZD
2024-10-02 00:30:00,short,1.76009,1.769965844101531,1.740338311796938,1.769965844101531,loss,-1.0,98.75844101530973,115,EURNZD
2024-11-18 07:00:00,long,1.80115,1.7949026623233,1.8136446753534001,1.7949026623233,loss,-1.0,62.47337676700049,97,EURNZD
2025-06-25 03:45:00,long,1.92584,1.9172401205827236,1.9430397588345527,1.92739,timeout,0.18023508526016477,85.99879417276357,200,EURNZD
2025-07-01 08:00:00,long,1.92934,1.9226179152807312,1.9427841694385377,1.9427841694385377,win,2.0,67.22084719268828,114,EURNZD
2025-07-04 01:45:00,long,1.93842,1.9316558816692295,1.951948236661541,1.951948236661541,win,2.0,67.64118330770508,95,EURNZD
2025-07-09 02:15:00,long,1.9536,1.945529489221282,1.969741021557436,1.945529489221282,loss,-1.0,80.7051077871801,144,EURNZD
2025-07-18 04:30:00,long,1.95218,1.9446808090983911,1.9671783818032178,1.96546,timeout,1.770857706416148,74.99190901608887,200,EURNZD
2025-07-23 06:00:00,long,1.94993,1.9421879051663589,1.965414189667282,1.9421879051663589,loss,-1.0,77.42094833641077,16,EURNZD
2025-07-25 04:30:00,long,1.95043,1.9424453104782098,1.9663993790435808,1.9424453104782098,loss,-1.0,79.84689521790322,145,EURNZD
2025-08-05 01:00:00,long,1.95663,1.9491506316751812,1.9715887366496379,1.96295,timeout,0.8449911443762098,74.7936832481888,200,EURNZD
2025-09-02 03:15:00,long,1.98603,1.9806389802057718,1.9968120395884563,1.98609,timeout,0.011129619680526335,53.9101979422818,200,EURNZD
2025-09-08 05:15:00,long,1.98484,1.9780527893055337,1.9984144213889323,1.9780527893055337,loss,-1.0,67.87210694466195,20,EURNZD
2025-10-14 02:45:00,long,2.02411,2.015852345685145,2.0406253086297093,2.02929,timeout,0.6272967845943707,82.576543148547,200,EURNZD
2025-10-21 03:45:00,long,2.03012,2.0226773275135725,2.0450053449728554,2.0226773275135725,loss,-1.0,74.42672486427604,44,EURNZD
2025-11-03 06:00:00,long,2.01434,2.007012897881929,2.0289942042361417,2.0289942042361417,win,2.0,73.27102118070971,96,EURNZD
2025-11-05 08:30:00,long,2.03186,2.0206470870166897,2.0542858259666206,2.0542858259666206,win,2.0,112.12912983310285,174,EURNZD
2025-11-12 13:15:00,long,2.04417,2.0375401808445917,2.057429638310816,2.057429638310816,win,2.0,66.29819155408167,117,EURNZD
2026-01-05 06:00:00,long,2.03156,2.023438281319925,2.047803437360149,2.023438281319925,loss,-1.0,81.21718680074608,37,EURNZD
2026-04-20 14:30:00,long,2.00089,1.9951125072045726,2.012444985590855,1.9951125072045726,loss,-1.0,57.774927954274965,33,EURNZD
2026-08-31 15:30:00,short,1.9641,1.9703177016671176,1.9516645966657646,1.9703177016671176,loss,-1.0,62.17701667117659,138,EURNZD
2023-11-28 12:30:00,long,187.379,186.6470511007248,188.84289779855035,186.6470511007248,loss,-1.0,73.19488992751815,50,GBPJPY
2024-02-27 15:00:00,long,190.524,189.99507861774225,191.5818427645155,189.99507861774225,loss,-1.0,52.89213822577494,140,GBPJPY
2024-03-05 14:30:00,long,190.562,190.01581946837777,191.6543610632445,190.01581946837777,loss,-1.0,54.6180531622241,66,GBPJPY
2024-04-02 09:30:00,long,190.63,190.13475119102563,191.62049761794873,191.62049761794873,win,2.0,49.524880897436674,117,GBPJPY
2024-05-09 14:15:00,long,194.582,193.90275208041572,195.94049583916853,195.94049583916853,win,2.0,67.92479195842702,195,GBPJPY
2024-05-15 12:30:00,long,196.417,195.70615886200684,197.83868227598632,195.70615886200684,loss,-1.0,71.08411379931567,44,GBPJPY
2024-05-16 10:15:00,long,196.032,194.98578492387946,198.1244301522411,197.987,timeout,1.8686406309965333,104.62150761205464,200,GBPJPY
2024-06-07 01:00:00,long,199.337,198.47367120965467,201.06365758069063,198.47367120965467,loss,-1.0,86.33287903453208,21,GBPJPY
2024-06-07 06:30:00,long,198.701,197.85918171503403,200.38463656993193,200.38463656993193,win,2.0,84.18182849659672,190,GBPJPY
2024-06-18 04:30:00,long,200.194,199.37794177422114,201.82611645155768,200.905,timeout,0.871261360451865,81.60582257788462,200,GBPJPY
2024-06-28 13:45:00,long,202.738,202.15841007199688,203.89717985600623,203.89717985600623,win,2.0,57.95899280031165,44,GBPJPY
2024-07-05 01:15:00,long,205.613,205.01767521445746,206.8036495710851,205.01767521445746,loss,-1.0,59.53247855425445,8,GBPJPY
2024-07-05 10:15:00,long,205.511,204.8543782721925,206.824243455615,206.236,timeout,1.1041364750764626,65.66217278075044,200,GBPJPY
2025-02-10 08:30:00,short,188.915,190.35997675579054,186.0250464884189,190.35997675579054,loss,-1.0,144.49767557905489,158,GBPJPY
2025-03-10 09:00:00,short,189.546,191.05637615626898,186.525247687462,191.05637615626898,loss,-1.0,151.03761562689897,111,GBPJPY
2025-04-23 06:00:00,short,188.76,189.81275259826742,186.65449480346513,189.81275259826742,loss,-1.0,105.2752598267432,45,GBPJPY
2025-06-18 02:30:00,long,195.057,194.02454654216675,197.12190691566647,194.02454654216675,loss,-1.0,103.24534578332418,90,GBPJPY
2025-06-19 08:45:00,long,195.073,194.18305739893665,196.8528852021267,196.8528852021267,win,2.0,88.99426010633533,163,GBPJPY
2025-06-25 02:15:00,long,197.203,196.48747650034693,198.63404699930615,198.63404699930615,win,2.0,71.55234996530737,183,GBPJPY
2025-07-07 07:00:00,long,197.488,196.7278927891725,199.008214421655,199.008214421655,win,2.0,76.01072108274991,71,GBPJPY
2025-07-10 04:15:00,long,198.972,198.22545045938492,200.4650990812302,198.293,timeout,-0.9095176717148132,74.65495406150922,200,GBPJPY
2025-07-16 12:30:00,long,199.205,198.5056097069824,200.60378058603524,198.5056097069824,loss,-1.0,69.93902930176148,11,GBPJPY
2025-07-22 00:00:00,long,199.101,198.39240180779274,200.51819638441452,198.39240180779274,loss,-1.0,70.8598192207262,48,GBPJPY
2025-08-26 01:00:00,long,198.452,197.73766714892224,199.8806657021555,199.029,timeout,0.8077466955767805,71.43328510777565,200,GBPJPY
2025-09-03 07:15:00,long,198.851,198.09234202681765,200.3683159463647,199.621,timeout,1.0149501187868384,75.8657973182352,200,GBPJPY
2025-09-16 05:30:00,long,200.208,199.6079731266858,201.40805374662838,199.6079731266858,loss,-1.0,60.002687331419224,114,GBPJPY
2025-09-24 03:15:00,long,199.684,199.02882484795734,200.99435030408532,199.86,timeout,0.26863045622425646,65.51751520426592,200,GBPJPY
2025-09-26 07:00:00,long,200.122,199.58471268686537,201.1965746262693,199.58471268686537,loss,-1.0,53.728731313464095,102,GBPJPY
2025-09-30 00:45:00,long,199.747,199.132378720684,200.97624255863207,199.132378720684,loss,-1.0,61.462127931602595,24,GBPJPY
2025-12-24 09:00:00,long,210.575,209.71359117185554,212.29781765628888,210.909,timeout,0.38773691316754805,86.14088281444481,200,GBPJPY
2025-12-30 00:00:00,long,210.832,210.12023711305497,212.25552577389004,211.271,timeout,0.6167784357010184,71.17628869450243,200,GBPJPY
2026-01-27 00:45:00,long,210.955,209.6063975339522,213.65220493209566,211.483,timeout,0.3915164129480899,134.86024660478222,200,GBPJPY
2026-03-24 04:45:00,long,212.623,211.62643930633791,214.61612138732414,212.911,timeout,0.2889939386849517,99.65606936620759,200,GBPJPY
2026-03-26 07:15:00,long,212.876,212.24814798055078,214.13170403889845,212.24814798055078,loss,-1.0,62.785201944922164,115,GBPJPY
2026-04-23 03:15:00,long,215.133,214.57464416498422,216.2497116700316,215.617,timeout,0.8668307370447634,55.83558350157887,200,GBPJPY
2026-06-02 07:15:00,long,215.167,214.65714074444793,216.18671851110415,214.65714074444793,loss,-1.0,50.985925555207245,97,GBPJPY
2026-06-04 04:30:00,long,214.629,214.14827024780797,215.59045950438403,215.59045950438403,win,2.0,48.07297521920191,120,GBPJPY
2023-12-21 14:15:00,short,1.08668,1.0915386331409234,1.0769627337181535,1.0869,timeout,-0.045280224626731314,48.58633140923274,200,GBPCHF
2023-12-27 07:45:00,short,1.08708,1.090708644880344,1.079822710239312,1.079822710239312,win,2.0,36.28644880343978,33,GBPCHF
2024-04-01 08:45:00,long,1.1371,1.1335409486109225,1.144218102778155,1.14245,timeout,1.5032095396033702,35.59051389077528,200,GBPCHF
2024-04-10 15:45:00,long,1.14476,1.1413874873948076,1.151505025210385,1.1413874873948076,loss,-1.0,33.725126051924455,82,GBPCHF
2024-05-15 07:45:00,long,1.14017,1.1372256881981513,1.1460586236036971,1.1460586236036971,win,2.0,29.443118018486203,125,GBPCHF
2024-12-26 11:00:00,long,1.1275,1.1238868391439132,1.1347263217121735,1.1347263217121735,win,2.0,36.13160856086761,135,GBPCHF
2025-02-19 14:15:00,long,1.13644,1.132557390372828,1.1442052192543435,1.1369,timeout,0.11847701524791308,38.82609627171796,200,GBPCHF
2025-03-10 08:15:00,long,1.13315,1.1280643012173905,1.1433213975652192,1.1433213975652192,win,2.0,50.8569878260956,138,GBPCHF
2025-03-17 13:15:00,long,1.14409,1.140162401508517,1.1519451969829662,1.140162401508517,loss,-1.0,39.27598491483053,95,GBPCHF
2025-05-07 09:15:00,short,1.09939,1.1054179374606279,1.0873341250787445,1.10286,timeout,-0.5756529530481341,60.27937460627797,200,GBPCHF
2025-09-25 10:30:00,short,1.06985,1.0728747025519285,1.0638005948961429,1.0728747025519285,loss,-1.0,30.247025519285486,197,GBPCHF
2025-09-29 12:30:00,short,1.07152,1.074273876784644,1.066012246430712,1.074273876784644,loss,-1.0,27.53876784644005,184,GBPCHF
2025-10-03 08:45:00,short,1.07152,1.0748423311847832,1.0648753376304336,1.07013,timeout,0.41838092673193483,33.223311847832,200,GBPCHF
2025-10-23 07:30:00,short,1.06478,1.0681732978824006,1.057993404235199,1.057993404235199,win,2.0,33.93297882400503,125,GBPCHF
2025-10-30 13:45:00,short,1.0546,1.058328602915936,1.047142794168128,1.058328602915936,loss,-1.0,37.28602915936019,124,GBPCHF
2025-11-07 08:15:00,short,1.05894,1.0622137982514994,1.0523924034970011,1.05422,timeout,1.44175041874931,32.737982514994265,200,GBPCHF
2026-02-20 08:00:00,short,1.0434,1.0461631933182043,1.0378736133635917,1.0461631933182043,loss,-1.0,27.631933182041823,10,GBPCHF
2026-02-20 15:00:00,short,1.04482,1.0478359985367844,1.0387880029264314,1.04622,timeout,-0.4641912066351723,30.15998536784359,200,GBPCHF
2026-07-22 13:00:00,long,1.08567,1.0829142611292255,1.0911814777415487,1.08959,timeout,1.422486013305958,27.557388707744046,200,GBPCHF
2026-07-27 08:15:00,long,1.08713,1.0845551811534073,1.0922796376931851,1.08988,timeout,1.0680363022972466,25.74818846592608,200,GBPCHF
2023-11-30 09:00:00,long,1.72317,1.7184016603220813,1.7327066793558377,1.7184016603220813,loss,-1.0,47.683396779187866,20,GBPCAD
2023-12-05 08:00:00,long,1.71081,1.704560438231596,1.7233091235368079,1.7102,timeout,-0.097606843904478,62.49561768403966,200,GBPCAD
2024-03-08 08:00:00,long,1.72142,1.7173412801076984,1.729577439784603,1.729577439784603,win,2.0,40.787198923015744,22,GBPCAD
2024-03-12 08:45:00,long,1.72267,1.7183725957890783,1.7312648084218432,1.72525,timeout,0.6003624219111383,42.97404210921618,200,GBPCAD
2024-03-18 16:45:00,long,1.72377,1.7201345113201998,1.7310409773596005,1.7201345113201998,loss,-1.0,36.35488679800236,68,GBPCAD
2024-05-30 07:00:00,long,1.74278,1.7399533619445797,1.7484332761108405,1.7399533619445797,loss,-1.0,28.26638055420272,30,GBPCAD
2024-06-13 17:15:00,long,1.75292,1.747960349161366,1.762839301677268,1.747960349161366,loss,-1.0,49.59650838634033,65,GBPCAD
2024-06-17 07:45:00,long,1.74105,1.7367615814153776,1.7496268371692447,1.74621,timeout,1.2032407513816512,42.884185846223666,200,GBPCAD
2024-06-20 08:30:00,long,1.74215,1.7389197269498282,1.7486105461003438,1.7389197269498282,loss,-1.0,32.30273050171872,10,GBPCAD
2024-07-31 07:15:00,long,1.77594,1.7719023912549552,1.7840152174900898,1.7719023912549552,loss,-1.0,40.37608745044885,27,GBPCAD
2024-09-06 11:00:00,long,1.77821,1.7745260845102748,1.7855778309794506,1.7745260845102748,loss,-1.0,36.83915489725242,6,GBPCAD
2024-10-01 07:30:00,long,1.80575,1.7998221923759736,1.8176056152480526,1.7998221923759736,loss,-1.0,59.278076240263374,24,GBPCAD
2024-10-10 10:45:00,long,1.79822,1.7932246628945019,1.808210674210996,1.7932246628945019,loss,-1.0,49.95337105498043,7,GBPCAD
2024-10-10 13:15:00,long,1.79722,1.7909987078419016,1.8096625843161969,1.80016,timeout,0.4725706373028746,62.21292158098412,200,GBPCAD
2024-10-15 12:30:00,long,1.80989,1.804261823406646,1.8211463531867078,1.804261823406646,loss,-1.0,56.28176593353906,15,GBPCAD
2024-11-05 09:45:00,long,1.80229,1.7967773013840398,1.8133153972319203,1.7967773013840398,loss,-1.0,55.12698615960154,68,GBPCAD
2024-11-08 09:45:00,long,1.79973,1.7932559499426952,1.8126781001146097,1.7932559499426952,loss,-1.0,64.74050057304837,111,GBPCAD
2024-12-31 13:00:00,long,1.80292,1.796732162484513,1.8152956750309743,1.796732162484513,loss,-1.0,61.878375154871264,86,GBPCAD
2025-02-18 13:30:00,long,1.78931,1.7845201591219444,1.798889681756111,1.79328,timeout,0.8288375545393174,47.89840878055562,200,GBPCAD
2025-02-20 20:45:00,long,1.79542,1.7907113754633466,1.804837249073307,1.80063,timeout,1.1064802384313364,47.086245366534385,200,GBPCAD
2025-02-25 10:30:00,long,1.80132,1.7967904513687487,1.8103790972625027,1.8103790972625027,win,2.0,45.29548631251323,20,GBPCAD
2025-02-26 14:00:00,long,1.81636,1.8109758220690528,1.8271283558618943,1.81594,timeout,-0.07800633734368095,53.84177930947143,200,GBPCAD
2025-05-15 18:30:00,long,1.85719,1.8504894236204108,1.870591152759178,1.86409,timeout,1.0297621591208936,67.00576379589096,200,GBPCAD
2025-05-22 07:30:00,long,1.86051,1.8543438360701965,1.8728423278596074,1.85992,timeout,-0.09568347626120934,61.66163929803625,200,GBPCAD
2025-05-28 16:00:00,long,1.86193,1.8553084263912825,1.8751731472174353,1.8553084263912825,loss,-1.0,66.21573608717624,183,GBPCAD
2025-07-09 11:15:00,long,1.86077,1.8548993166350407,1.8725113667299187,1.8548993166350407,loss,-1.0,58.70683364959328,108,GBPCAD
2025-10-01 07:00:00,long,1.87459,1.8695903896182766,1.8845892207634467,1.878,timeout,0.6820531480744082,49.996103817233625,200,GBPCAD
2026-03-16 19:45:00,short,1.82285,1.8299431771890402,1.8086636456219198,1.8299431771890402,loss,-1.0,70.93177189040122,77,GBPCAD
2026-05-05 07:15:00,short,1.84329,1.8483244179908018,1.8332211640183966,1.8483244179908018,loss,-1.0,50.34417990801732,98,GBPCAD
2026-06-17 18:30:00,long,1.87784,1.873573970893795,1.8863720582124097,1.873573970893795,loss,-1.0,42.66029106204883,2,GBPCAD
2026-06-23 08:30:00,long,1.87408,1.8683650813064887,1.8855098373870225,1.87515,timeout,0.18722926035938325,57.14918693511262,200,GBPCAD
2024-03-18 10:30:00,long,1.93888,1.933854232480427,1.9489315350391456,1.9489315350391456,win,2.0,50.25767519572843,74,GBPAUD
2024-05-13 00:00:00,short,1.89625,1.901612783057157,1.885524433885686,1.901612783057157,loss,-1.0,53.62783057156983,101,GBPAUD
2024-05-16 07:45:00,short,1.89643,1.9039583484552445,1.8813733030895112,1.89763,timeout,-0.1593975102419603,75.28348455244415,200,GBPAUD
2024-07-08 12:15:00,short,1.90269,1.9081854723334213,1.8916990553331574,1.90218,timeout,0.09280366983168888,54.954723334212915,200,GBPAUD
2024-09-05 05:30:00,long,1.95607,1.949034011348275,1.97014197730345,1.96538,timeout,1.3231971313252957,70.35988651725056,200,GBPAUD
2024-09-10 05:15:00,long,1.9615,1.955450033235895,1.97359993352821,1.955450033235895,loss,-1.0,60.49966764104963,150,GBPAUD
2024-09-12 07:45:00,long,1.95484,1.947514433172507,1.9694911336549858,1.95794,timeout,0.42317544471313173,73.25566827492969,200,GBPAUD
2024-10-31 01:30:00,long,1.97178,1.9627285825073675,1.9898828349852653,1.9627285825073675,loss,-1.0,90.51417492632606,57,GBPAUD
2024-12-26 05:45:00,long,2.01097,2.002731974160056,2.027446051679888,2.01661,timeout,0.6846300448164747,82.3802583994393,200,GBPAUD
2025-03-24 01:15:00,long,2.05603,2.0492547186961882,2.069580562607623,2.0492547186961882,loss,-1.0,67.75281303811553,137,GBPAUD
2025-04-02 06:30:00,long,2.05122,2.042099980072529,2.069460039854942,2.069460039854942,win,2.0,91.20019927471023,55,GBPAUD
2025-04-22 03:45:00,long,2.08347,2.074760832319012,2.1008883353619767,2.074760832319012,loss,-1.0,87.09167680988283,105,GBPAUD
2025-04-24 00:00:00,long,2.08451,2.071069484698191,2.1113910306036177,2.071069484698191,loss,-1.0,134.40515301808898,111,GBPAUD
2025-11-14 01:00:00,short,2.01061,2.0202103022411833,1.9914093955176329,2.0202103022411833,loss,-1.0,96.00302241183466,30,GBPAUD
2026-01-13 07:15:00,short,2.00809,2.013590923267146,1.9970881534657083,2.013590923267146,loss,-1.0,55.009232671459074,121,GBPAUD
2026-02-02 01:30:00,short,1.96638,1.9794622447083876,1.9402155105832248,1.9518,timeout,1.114487637633943,130.82244708387591,200,GBPAUD
2026-02-23 02:45:00,short,1.91167,1.9211699093616947,1.8926701812766105,1.90187,timeout,1.0315887896273295,94.99909361694758,200,GBPAUD
2026-03-18 12:15:00,short,1.88313,1.890320803998951,1.868748392002098,1.890320803998951,loss,-1.0,71.90803998951,95,GBPAUD
2026-04-24 00:00:00,short,1.88811,1.893830924553409,1.8766681508931817,1.88346,timeout,0.8128056849183751,57.209245534091124,200,GBPAUD
2026-04-29 11:00:00,short,1.88708,1.891866747372136,1.8775065052557283,1.891866747372136,loss,-1.0,47.86747372135913,19,GBPAUD
2026-05-05 01:00:00,short,1.88876,1.893518638695601,1.8792427226087978,1.893518638695601,loss,-1.0,47.58638695601114,18,GBPAUD
2026-05-18 01:45:00,short,1.86733,1.8750373804169833,1.8519152391660332,1.8750373804169833,loss,-1.0,77.07380416983378,57,GBPAUD
2026-06-02 06:15:00,short,1.87944,1.8844659652578184,1.8693880694843632,1.88378,timeout,-0.86351571834857,50.25965257818399,200,GBPAUD
2023-12-28 09:00:00,short,2.02059,2.0289470517893777,2.003875896421244,2.01156,timeout,1.0805245949866666,83.57051789377844,200,GBPNZD
2024-01-02 12:00:00,short,2.01449,2.024172522459025,1.9951249550819496,2.024172522459025,loss,-1.0,96.82522459025122,99,GBPNZD
2024-02-21 14:30:00,short,2.04176,2.048857636967422,2.0275647260651564,2.04625,timeout,-0.6326049107060867,70.97636967421828,200,GBPNZD
2024-04-02 04:45:00,long,2.10954,2.103799840698495,2.1210203186030103,2.103799840698495,loss,-1.0,57.401593015051766,161,GBPNZD
2024-04-08 01:15:00,long,2.10133,2.0951039299890417,2.1137821400219163,2.0951039299890417,loss,-1.0,62.26070010958207,49,GBPNZD
2024-04-17 14:45:00,long,2.11005,2.101332793677093,2.1274844126458143,2.10284,timeout,-0.8270998451710072,87.17206322907067,200,GBPNZD
2024-07-26 14:30:00,long,2.18163,2.1741337963230647,2.196622407353871,2.1741337963230647,loss,-1.0,74.96203676935487,200,GBPNZD
2024-08-19 09:15:00,long,2.13661,2.127489802263589,2.154850395472822,2.127489802263589,loss,-1.0,91.20197736411039,34,GBPNZD
2024-11-06 00:15:00,long,2.1687,2.1602897492183764,2.185520501563247,2.1602897492183764,loss,-1.0,84.10250781623496,40,GBPNZD
2024-12-20 13:00:00,long,2.22227,2.211615463167138,2.2435790736657237,2.22428,timeout,0.18865202979076334,106.54536832861882,200,GBPNZD
2025-03-06 02:00:00,long,2.24788,2.2373842466968275,2.2688715066063447,2.26334,timeout,1.4729766938526572,104.95753303172428,200,GBPNZD
2025-03-17 01:00:00,long,2.24835,2.2388944888229942,2.267261022354011,2.2388944888229942,loss,-1.0,94.55511177005604,48,GBPNZD
2025-05-29 05:30:00,long,2.26202,2.250280257513668,2.285499484972665,2.250280257513668,loss,-1.0,117.39742486332361,62,GBPNZD
2025-07-22 01:30:00,long,2.26224,2.2546955794218206,2.277328841156358,2.2546955794218206,loss,-1.0,75.44420578179167,52,GBPNZD
2025-09-24 00:00:00,long,2.30999,2.3018103966024133,2.3263492067951734,2.31543,timeout,0.6650689202859283,81.7960339758672,200,GBPNZD
2025-09-30 14:00:00,long,2.31713,2.3093656652549663,2.3326586694900677,2.3093656652549663,loss,-1.0,77.64334745033796,156,GBPNZD
2025-10-10 00:00:00,long,2.31408,2.305446536136729,2.331346927726542,2.331346927726542,win,2.0,86.33463863271018,61,GBPNZD
2025-10-21 07:15:00,long,2.33995,2.3312282371519517,2.3573935256960965,2.3312282371519517,loss,-1.0,87.21762848048265,30,GBPNZD
2026-01-05 00:30:00,long,2.3351,2.32621035433208,2.352879291335841,2.33452,timeout,-0.0652444452418687,88.89645667920387,200,GBPNZD
2026-01-12 06:30:00,long,2.33669,2.3301144379203427,2.3498411241593145,2.33984,timeout,0.4790465000315831,65.7556207965726,200,GBPNZD
2026-03-31 00:00:00,long,2.30605,2.2975813346770417,2.3229873306459163,2.31647,timeout,1.2304182067216287,84.68665322958202,200,GBPNZD
2023-11-27 06:45:00,long,98.093,97.70720478322906,98.86459043354189,97.70720478322906,loss,-1.0,38.57952167709442,167,AUDJPY
2024-01-16 04:45:00,long,96.646,96.2686971273262,97.40060574534759,96.982,timeout,0.8905312530988717,37.73028726737948,200,AUDJPY
2024-05-21 08:30:00,long,104.076,103.61662963493346,104.99474073013306,103.61662963493346,loss,-1.0,45.93703650665333,135,AUDJPY
2024-05-23 01:00:00,long,103.821,103.38420565267091,104.69458869465817,103.972,timeout,0.34570044443874615,43.67943473290836,200,AUDJPY
2024-07-12 00:15:00,long,107.471,106.87066143922165,108.67167712155671,106.87066143922165,loss,-1.0,60.03385607783542,51,AUDJPY
2024-11-11 03:30:00,long,101.128,100.43081530609912,102.52236938780176,101.176,timeout,0.06884832730826715,69.71846939008799,200,AUDJPY
2025-02-05 00:30:00,short,96.302,97.09182779713167,94.72234440573668,95.37,timeout,1.180004050736945,78.98277971316645,200,AUDJPY
2025-03-05 01:45:00,short,93.735,94.83273920041623,91.53952159916754,93.027,timeout,0.6449619360696485,109.77392004162283,200,AUDJPY
2025-03-12 00:15:00,short,93.169,94.18010584457603,91.14678831084792,93.14,timeout,0.028681468073361065,101.11058445760364,200,AUDJPY
2025-03-21 08:15:00,short,93.905,94.5404495607725,92.634100878455,94.5404495607725,loss,-1.0,63.54495607724999,120,AUDJPY
2025-04-22 01:45:00,short,90.372,90.91612470060345,89.2837505987931,90.91612470060345,loss,-1.0,54.41247006034473,81,AUDJPY
2025-11-11 02:00:00,long,100.809,100.25148328298482,101.92403343403035,101.383,timeout,1.029565540335849,55.75167170151758,200,AUDJPY
2025-11-14 08:15:00,long,100.839,100.32329545428811,101.87040909142377,100.32329545428811,loss,-1.0,51.57045457118841,17,AUDJPY
2026-01-14 08:30:00,long,106.407,105.98569884077438,107.24960231845124,105.98569884077438,loss,-1.0,42.130115922562084,13,AUDJPY
2026-02-23 01:30:00,long,109.216,108.49951812667987,110.64896374664023,110.64896374664023,win,2.0,71.64818733201201,200,AUDJPY
2026-05-07 01:45:00,long,113.177,112.4598785170403,114.61124296591943,113.608,timeout,0.6010139289387473,71.71214829597119,200,AUDJPY
2026-05-25 02:00:00,long,113.872,113.43803425491068,114.73993149017865,114.033,timeout,0.37099702412424823,43.39657450893242,200,AUDJPY
2026-06-03 08:30:00,long,114.401,114.04446394909226,115.11407210181547,114.04446394909226,loss,-1.0,35.65360509077351,51,AUDJPY
2026-06-04 01:30:00,long,114.031,113.67410101471647,114.74479797056708,113.67410101471647,loss,-1.0,35.68989852835358,95,AUDJPY
2026-07-17 02:00:00,long,113.452,113.13491857511607,114.08616284976785,113.13491857511607,loss,-1.0,31.708142488392355,36,AUDJPY
2026-07-20 00:00:00,long,113.451,113.08737014059005,114.17825971881987,114.17825971881987,win,2.0,36.36298594099401,128,AUDJPY
2026-08-26 02:00:00,long,114.122,113.80230525444854,114.76138949110292,114.76138949110292,win,2.0,31.969474555145894,192,AUDJPY
2023-11-20 08:15:00,long,0.57993,0.5771117552853876,0.5855664894292246,0.57974,timeout,-0.06741785020114824,28.18244714612339,200,AUDCHF
2023-11-22 10:45:00,long,0.58003,0.5773708569105834,0.5853482861788333,0.58017,timeout,0.05264853950775259,26.591430894166155,200,AUDCHF
2024-01-26 00:30:00,short,0.57078,0.573113849399104,0.5661123012017918,0.56968,timeout,0.47132432813456504,23.33849399104082,200,AUDCHF
2024-05-08 10:45:00,long,0.59703,0.5946881778774536,0.6017136442450925,0.59979,timeout,1.1785694453168392,23.418221225462997,200,AUDCHF
2024-05-13 00:00:00,long,0.59853,0.596690885987989,0.602208228024022,0.60117,timeout,1.43547381117132,18.39114012010978,200,AUDCHF
2024-05-21 07:45:00,long,0.60657,0.6041812170164553,0.6113475659670895,0.60664,timeout,0.02930362468340687,23.88782983544724,200,AUDCHF
2024-05-29 06:00:00,long,0.60651,0.6045277426094421,0.6104745147811158,0.6045277426094421,loss,-1.0,19.822573905579066,27,AUDCHF
2024-08-26 06:45:00,short,0.57364,0.5761468191754529,0.5686263616490944,0.573,timeout,0.25530361593970186,25.068191754528122,200,AUDCHF
2024-08-30 01:15:00,short,0.57577,0.5786457098251647,0.5700185803496706,0.57561,timeout,0.0556384370216784,28.757098251647182,200,AUDCHF
2024-12-05 10:15:00,short,0.56964,0.5721532643810556,0.5646134712378889,0.5646134712378889,win,2.0,25.13264381055591,62,AUDCHF
2024-12-24 08:00:00,short,0.56149,0.5640668865631449,0.5563362268737104,0.55863,timeout,1.1098664725504124,25.76886563144809,200,AUDCHF
2025-01-13 05:45:00,short,0.56293,0.5656726756611657,0.5574446486776686,0.5656726756611657,loss,-1.0,27.426756611657055,40,AUDCHF
2025-03-21 03:15:00,short,0.55529,0.5585434342483814,0.5487831315032371,0.55545,timeout,-0.049178802393086175,32.53434248381426,200,AUDCHF
2025-03-25 08:00:00,short,0.55513,0.5573877428956727,0.5506145142086546,0.5573877428956727,loss,-1.0,22.577428956727097,12,AUDCHF
2025-06-24 10:00:00,short,0.5274,0.530975850196547,0.5202482996069059,0.52374,timeout,1.0235328100528949,35.75850196547048,200,AUDCHF
2025-07-11 09:45:00,short,0.52335,0.526053945034035,0.5179421099319299,0.52266,timeout,0.255182702057481,27.039450340350378,200,AUDCHF
2025-07-16 06:00:00,short,0.52262,0.5249039253096712,0.5180521493806575,0.52261,timeout,0.004378426894088705,22.83925309671253,200,AUDCHF
2026-02-04 15:30:00,long,0.54451,0.541143497978712,0.5512430040425762,0.541143497978712,loss,-1.0,33.665020212880755,43,AUDCHF
2026-03-04 08:00:00,long,0.54878,0.5441211689627105,0.5580976620745792,0.5473,timeout,-0.3176762557289628,46.5883103728959,200,AUDCHF
2026-04-02 00:30:00,long,0.54992,0.5470328138577841,0.5556943722844316,0.55307,timeout,1.0910276805299597,28.87186142215836,200,AUDCHF
2026-04-29 14:00:00,long,0.56383,0.5619443099115926,0.5676013801768149,0.5619443099115926,loss,-1.0,18.856900884074435,28,AUDCHF
2026-04-30 02:30:00,long,0.5638,0.5614951878150426,0.5684096243699147,0.5614951878150426,loss,-1.0,23.04812184957372,37,AUDCHF
2026-05-22 01:15:00,long,0.56193,0.559677536655587,0.5664349266888262,0.559677536655587,loss,-1.0,22.524633444130913,51,AUDCHF
2026-07-28 14:15:00,long,0.57055,0.5687980779772519,0.5740538440454962,0.5687980779772519,loss,-1.0,17.51922022748098,45,AUDCHF
2026-08-04 09:15:00,long,0.56898,0.5668390920375932,0.5732618159248137,0.56995,timeout,0.45307879508721355,21.40907962406846,200,AUDCHF
2026-08-06 14:45:00,long,0.57048,0.568974769522488,0.5734904609550239,0.568974769522488,loss,-1.0,15.05230477511943,122,AUDCHF
2026-08-19 06:15:00,long,0.57344,0.571495271397318,0.5773294572053638,0.571495271397318,loss,-1.0,19.44728602681911,30,AUDCHF
2026-08-20 05:15:00,long,0.56922,0.5666072967618561,0.5744454064762877,0.5744454064762877,win,2.0,26.127032381438873,135,AUDCHF
2026-09-09 13:30:00,long,0.58367,0.5818932725720767,0.5872234548558467,0.58416,timeout,0.2757879415261281,17.767274279233412,60,AUDCHF
2023-10-24 01:00:00,short,0.86796,0.8712555750479332,0.8613688499041335,0.8712555750479332,loss,-1.0,32.95575047933208,6,AUDCAD
2023-11-30 13:30:00,long,0.89927,0.8956010013959931,0.9066079972080139,0.8956010013959931,loss,-1.0,36.68998604006934,4,AUDCAD
2024-01-15 02:45:00,long,0.89695,0.893669985250108,0.9035100294997841,0.893669985250108,loss,-1.0,32.80014749892035,26,AUDCAD
2024-05-17 05:00:00,long,0.90839,0.9054067413457274,0.9143565173085453,0.9083,timeout,-0.030168352942221904,29.832586542726247,200,AUDCAD
2024-06-03 14:00:00,long,0.9104,0.9077278494397025,0.9157443011205949,0.91012,timeout,-0.1047845148249348,26.72150560297459,200,AUDCAD
2025-01-03 13:30:00,short,0.89604,0.8996640657509083,0.8887918684981833,0.8996640657509083,loss,-1.0,36.24065750908345,47,AUDCAD
2025-08-05 13:30:00,short,0.89147,0.8943915991393602,0.8856268017212796,0.8943915991393602,loss,-1.0,29.21599139360187,85,AUDCAD
2025-09-15 20:15:00,long,0.91882,0.9158947283953935,0.9246705432092128,0.9158947283953935,loss,-1.0,29.252716046064275,186,AUDCAD
2025-10-10 02:00:00,long,0.92071,0.916970725378561,0.9281885492428782,0.916970725378561,loss,-1.0,37.39274621439081,42,AUDCAD
2025-11-13 00:30:00,long,0.91822,0.9148814924451185,0.9248970151097631,0.9148814924451185,loss,-1.0,33.3850755488152,137,AUDCAD
2025-12-12 00:30:00,long,0.91841,0.915174974814595,0.9248800503708099,0.915174974814595,loss,-1.0,32.350251854049716,60,AUDCAD
2025-12-12 17:00:00,long,0.91548,0.9128049743344128,0.9208300513311743,0.9128049743344128,loss,-1.0,26.75025665587194,130,AUDCAD
2026-02-19 15:00:00,long,0.9649,0.9610121741415776,0.9726756517168448,0.96595,timeout,0.2700738248667505,38.878258584224,200,AUDCAD
2026-02-27 13:45:00,long,0.97051,0.9666757857207601,0.9781784285584798,0.9666757857207601,loss,-1.0,38.34214279239911,33,AUDCAD
2026-03-19 00:15:00,long,0.96587,0.959661380946922,0.978287238106156,0.959661380946922,loss,-1.0,62.08619053078012,179,AUDCAD
2026-04-24 15:30:00,long,0.97756,0.9739294593335306,0.9848210813329388,0.98238,timeout,1.3276259496322813,36.30540666469395,200,AUDCAD
2026-04-30 02:45:00,long,0.97475,0.9708864999020125,0.9824770001959751,0.97946,timeout,1.2191018197342358,38.635000979875265,200,AUDCAD
2026-05-04 06:45:00,long,0.97861,0.9752817308647473,0.9852665382705053,0.9752817308647473,loss,-1.0,33.28269135252637,35,AUDCAD
2026-05-22 20:30:00,long,0.98494,0.9809199710262414,0.9929800579475173,0.98986,timeout,1.223871776078229,40.20028973758638,200,AUDCAD
2026-05-27 04:30:00,long,0.98912,0.9862772956149303,0.9948054087701395,0.9862772956149303,loss,-1.0,28.427043850697274,30,AUDCAD
2026-08-18 21:45:00,long,0.98393,0.9814622109437943,0.9888655781124114,0.9814622109437943,loss,-1.0,24.677890562057048,25,AUDCAD
2023-12-04 06:45:00,short,1.07544,1.0788733597087878,1.0685732805824242,1.0685732805824242,win,2.0,34.333597087878864,101,AUDNZD
2023-12-06 01:45:00,short,1.0687,1.0719159789413175,1.062268042117365,1.0719159789413175,loss,-1.0,32.15978941317532,197,AUDNZD
2024-02-06 07:00:00,short,1.07255,1.0754152555528083,1.0668194888943832,1.0668194888943832,win,2.0,28.652555528083656,124,AUDNZD
2024-02-23 02:15:00,short,1.06009,1.062883060526946,1.054503878946108,1.062883060526946,loss,-1.0,27.930605269459452,90,AUDNZD
2024-07-03 05:30:00,long,1.09857,1.0959561069372012,1.1037977861255976,1.10065,timeout,0.7957479323093349,26.138930627988,200,AUDNZD
2024-07-17 01:00:00,long,1.10799,1.1034700785868095,1.1170298428263812,1.11138,timeout,0.7500130400734183,45.19921413190575,200,AUDNZD
2024-10-11 01:45:00,long,1.10573,1.1027228810927021,1.111744237814596,1.1027228810927021,loss,-1.0,30.071189072979898,173,AUDNZD
2025-02-14 05:15:00,long,1.11146,1.1091648841085278,1.1160502317829442,1.1091648841085278,loss,-1.0,22.951158914721326,45,AUDNZD
2025-02-20 00:30:00,long,1.11339,1.1101881486308058,1.1197937027383886,1.1101881486308058,loss,-1.0,32.01851369194264,67,AUDNZD
2025-02-26 02:45:00,long,1.10784,1.1057579230074037,1.1120041539851924,1.1057579230074037,loss,-1.0,20.820769925962157,77,AUDNZD
2025-04-23 00:30:00,short,1.06911,1.0730202143482426,1.0612895713035149,1.06891,timeout,0.05114809117558152,39.10214348242569,200,AUDNZD
2025-11-24 03:45:00,long,1.15231,1.1489920282996,1.1589459434007998,1.1489920282996,loss,-1.0,33.17971700399935,171,AUDNZD
2026-03-16 00:45:00,long,1.20876,1.2049479980080744,1.2163840039838514,1.21293,timeout,1.0939133843142352,38.12001991925662,200,AUDNZD
2026-03-27 03:00:00,long,1.19481,1.1904326731410537,1.2035646537178923,1.19893,timeout,0.9412136979398354,43.77326858946206,200,AUDNZD
2026-04-01 01:15:00,long,1.20455,1.2004764746636738,1.2126970506726524,1.20973,timeout,1.2716258209582285,40.73525336326211,200,AUDNZD
2026-05-13 01:45:00,long,1.21484,1.2118983708180486,1.2207232583639025,1.2207232583639025,win,2.0,29.416291819512885,27,AUDNZD
2026-05-19 01:00:00,long,1.22044,1.2175784279935782,1.2261631440128435,1.2175784279935782,loss,-1.0,28.615720064217864,21,AUDNZD
2026-06-29 02:15:00,long,1.221,1.217491952336521,1.228016095326958,1.217491952336521,loss,-1.0,35.08047663479008,76,AUDNZD
2026-07-08 01:30:00,long,1.21937,1.2167791607678977,1.2245516784642048,1.2167791607678977,loss,-1.0,25.908392321023488,2,AUDNZD
2026-09-04 04:15:00,long,1.22289,1.2183651031950815,1.231939793609837,1.231939793609837,win,2.0,45.24896804918521,190,AUDNZD
2023-11-28 00:45:00,long,90.419,90.05297461147794,91.15105077704412,91.15105077704412,win,2.0,36.60253885220612,108,NZDJPY
2023-12-05 02:30:00,long,90.531,90.1566817312573,91.27963653748543,90.1566817312573,loss,-1.0,37.43182687427122,44,NZDJPY
2023-12-06 00:30:00,long,90.451,90.03466344302052,91.28367311395894,90.03466344302052,loss,-1.0,41.63365569794735,103,NZDJPY
2024-05-16 01:45:00,long,94.36,93.8778530921266,95.3242938157468,95.3242938157468,win,2.0,48.214690787339975,112,NZDJPY
2024-06-19 07:00:00,long,96.776,96.38728179553593,97.55343640892814,97.277,timeout,1.2888513947802869,38.87182044640696,200,NZDJPY
2024-07-09 00:00:00,long,98.614,98.29420048495061,99.2535990300988,98.29420048495061,loss,-1.0,31.979951504939663,105,NZDJPY
2024-08-23 06:15:00,short,89.581,90.13889070439684,88.46521859120632,90.13889070439684,loss,-1.0,55.789070439684,30,NZDJPY
2025-02-10 08:30:00,short,86.137,86.8125718589434,84.7858562821132,86.8125718589434,loss,-1.0,67.55718589433997,164,NZDJPY
2025-02-24 03:30:00,short,85.958,86.5236754683454,84.82664906330919,85.384,timeout,1.0147160909751722,56.567546834540394,200,NZDJPY
2025-03-05 05:15:00,short,84.586,85.47387967006082,82.81024065987835,85.47387967006082,loss,-1.0,88.78796700608262,77,NZDJPY
2025-03-13 01:30:00,short,85.016,85.67622566529415,83.6955486694117,85.67622566529415,loss,-1.0,66.02256652941492,179,NZDJPY
2025-09-08 00:45:00,short,87.378,87.73844483319823,86.65711033360354,87.73844483319823,loss,-1.0,36.04448331982297,44,NZDJPY
2025-12-05 05:30:00,long,89.241,88.89883360820788,89.92533278358424,89.92533278358424,win,2.0,34.21663917921194,111,NZDJPY
2025-12-26 04:15:00,long,91.079,90.69888921169782,91.83922157660434,90.69888921169782,loss,-1.0,38.01107883021757,117,NZDJPY
2026-02-18 01:30:00,long,92.346,91.8501879507269,93.3376240985462,92.239,timeout,-0.21580758304859712,49.58120492730984,200,NZDJPY
2026-02-23 02:30:00,long,92.322,91.78136226074469,93.40327547851064,93.181,timeout,1.5888642942003923,54.06377392553168,200,NZDJPY
2026-04-28 06:00:00,long,93.853,93.45435162713987,94.65029674572024,93.45435162713987,loss,-1.0,39.86483728601229,127,NZDJPY
2023-11-30 10:30:00,long,0.53805,0.5354302821652877,0.5432894356694248,0.54011,timeout,0.7863442286432814,26.19717834712376,200,NZDCHF
2023-12-11 06:45:00,long,0.53802,0.5353417897560808,0.5433764204878385,0.5353417897560808,loss,-1.0,26.78210243919232,173,NZDCHF
2023-12-15 14:00:00,long,0.5386,0.5346034419929018,0.5465931160141964,0.53956,timeout,0.24020669743690398,39.96558007098194,200,NZDCHF
2023-12-27 10:00:00,long,0.53935,0.5368591523464136,0.5443316953071728,0.5368591523464136,loss,-1.0,24.908476535864253,23,NZDCHF
2024-03-11 03:00:00,long,0.54151,0.5394156167026798,0.5456987665946406,0.5394156167026798,loss,-1.0,20.943832973202568,134,NZDCHF
2024-05-13 00:00:00,long,0.54576,0.5440191820508241,0.5492416358983518,0.5440191820508241,loss,-1.0,17.4081794917591,13,NZDCHF
2024-05-29 12:15:00,long,0.55924,0.5574100035250777,0.5628999929498444,0.5574100035250777,loss,-1.0,18.29996474922213,38,NZDCHF
2024-05-31 10:15:00,long,0.55547,0.5530493127943733,0.5603113744112534,0.5530493127943733,loss,-1.0,24.206872056267148,43,NZDCHF
2024-12-24 04:30:00,short,0.50727,0.5094863895222642,0.5028372209554716,0.50661,timeout,0.2977815918051046,22.16389522264217,200,NZDCHF
2025-01-10 01:30:00,short,0.51048,0.5123353814117909,0.5067692371764183,0.5123353814117909,loss,-1.0,18.553814117908683,180,NZDCHF
2025-03-12 08:00:00,short,0.50313,0.5062307970110039,0.49692840597799204,0.5062307970110039,loss,-1.0,31.00797011003964,65,NZDCHF
2025-06-23 04:30:00,short,0.48428,0.48708330710475767,0.47867338579048463,0.48708330710475767,loss,-1.0,28.033071047576794,75,NZDCHF
2025-06-25 01:15:00,short,0.48445,0.4876745775088626,0.47800084498227474,0.48606,timeout,-0.49929021571817656,32.245775088626246,200,NZDCHF
2025-06-30 00:45:00,short,0.48449,0.4870856009108691,0.4792987981782617,0.48225,timeout,0.8629986184008169,25.956009108691333,200,NZDCHF
2025-07-11 05:45:00,short,0.47939,0.48171134771613866,0.47474730456772263,0.47697,timeout,1.0424978486313967,23.213477161386773,200,NZDCHF
2025-07-30 07:45:00,short,0.47943,0.4812630753755988,0.47576384924880244,0.4812630753755988,loss,-1.0,18.330753755987917,78,NZDCHF
2025-07-31 06:30:00,short,0.48135,0.4836373336108088,0.4767753327783824,0.4767753327783824,win,2.0,22.873336108087948,121,NZDCHF
2025-08-05 01:15:00,short,0.47757,0.48017052658664916,0.47236894682670166,0.47851,timeout,-0.3614652527783639,26.005265866491655,200,NZDCHF
2025-09-17 14:00:00,short,0.47045,0.4720769646267103,0.4671960707465794,0.4671960707465794,win,2.0,16.26964626710303,41,NZDCHF
2025-11-04 04:45:00,short,0.4604,0.46221198475583986,0.4567760304883202,0.4567760304883202,win,2.0,18.119847558398792,68,NZDCHF
2025-11-06 09:00:00,short,0.45787,0.46014279529177965,0.4533244094164407,0.4533244094164407,win,2.0,22.7279529177965,87,NZDCHF
2025-11-10 09:15:00,short,0.45464,0.45695114963001754,0.4500177007399649,0.45198,timeout,1.1509423558957523,23.111496300175503,200,NZDCHF
2025-11-17 06:00:00,short,0.45073,0.453105106063117,0.4459797878737661,0.45033,timeout,0.16841353159406752,23.751060631169718,200,NZDCHF
2025-11-24 14:30:00,short,0.4524,0.45506298624775887,0.44707402750448233,0.45506298624775887,loss,-1.0,26.62986247758847,138,NZDCHF
2025-12-31 01:15:00,short,0.45811,0.45980686460594294,0.45471627078811416,0.45471627078811416,win,2.0,16.968646059429272,182,NZDCHF
2026-01-06 03:15:00,short,0.45859,0.4605223902852658,0.45472521942946836,0.4605223902852658,loss,-1.0,19.32390285265817,116,NZDCHF
2026-02-25 01:45:00,short,0.46171,0.46362982634775224,0.45787034730449555,0.46362982634775224,loss,-1.0,19.198263477522293,79,NZDCHF
2026-03-03 10:15:00,short,0.46233,0.465105291763522,0.45677941647295606,0.46185,timeout,0.1729547885051525,27.75291763521981,200,NZDCHF
2026-03-10 07:45:00,short,0.46062,0.4628261214392669,0.45620775712146616,0.46107,timeout,-0.20397789169282582,22.061214392669058,200,NZDCHF
2026-03-16 14:30:00,short,0.46069,0.4628760394436906,0.45631792111261876,0.46084,timeout,-0.06861724313025172,21.860394436906127,200,NZDCHF
2026-03-19 02:45:00,short,0.46054,0.46331799445742433,0.45498401108515135,0.46331799445742433,loss,-1.0,27.779944574243263,65,NZDCHF
2026-03-24 14:45:00,short,0.46047,0.4635152664841771,0.4543794670316457,0.45816,timeout,0.7585543045255586,30.452664841771337,200,NZDCHF
2026-08-05 02:30:00,long,0.47473,0.4731060190822601,0.4779779618354798,0.47649,timeout,1.0837565766779007,16.23980917739909,200,NZDCHF
2026-08-12 10:15:00,long,0.47616,0.47480526566603765,0.4788694686679248,0.47480526566603765,loss,-1.0,13.547343339623819,67,NZDCHF
2023-11-28 13:15:00,long,0.82916,0.8257872064689566,0.8359055870620867,0.8359055870620867,win,2.0,33.72793531043361,47,NZDCAD
2023-12-06 13:15:00,long,0.83537,0.8313865232896316,0.8433369534207367,0.8313865232896316,loss,-1.0,39.83476710368361,193,NZDCAD
2024-01-10 08:45:00,long,0.83559,0.8323597879610908,0.8420504240778186,0.8323597879610908,loss,-1.0,32.30212038909275,24,NZDCAD
2024-01-12 01:15:00,long,0.83515,0.831331490171719,0.8427870196565618,0.831331490171719,loss,-1.0,38.185098282809136,125,NZDCAD
2024-02-21 01:30:00,long,0.83507,0.8317240022071428,0.8417619955857143,0.8362,timeout,0.337716899399137,33.45997792857158,200,NZDCAD
2024-02-23 15:00:00,long,0.83572,0.832684911864252,0.8417901762714961,0.832684911864252,loss,-1.0,30.35088135748043,128,NZDCAD
2024-03-11 03:00:00,long,0.8322,0.8293142359156084,0.8379715281687834,0.8293142359156084,loss,-1.0,28.85764084391673,134,NZDCAD
2024-06-07 05:30:00,long,0.84677,0.8442446824811138,0.8518206350377724,0.8442446824811138,loss,-1.0,25.25317518886183,28,NZDCAD
2024-08-22 04:15:00,long,0.83571,0.8326182327259872,0.8418935345480254,0.8418935345480254,win,2.0,30.917672740127244,155,NZDCAD
2024-08-26 13:00:00,long,0.83727,0.8341719561613603,0.8434660876772793,0.84025,timeout,0.9618972988156966,30.980438386396525,200,NZDCAD
2024-08-30 07:15:00,long,0.84379,0.8404586519682004,0.8504526960635994,0.8404586519682004,loss,-1.0,33.313480317996856,96,NZDCAD
2024-12-05 06:15:00,short,0.82582,0.8296394065519208,0.8181811868961584,0.82747,timeout,-0.43200428589364004,38.19406551920812,200,NZDCAD
2024-12-23 14:15:00,short,0.81318,0.8161398489195957,0.8072603021608087,0.81061,timeout,0.8682875612283077,29.598489195956645,200,NZDCAD
2024-12-27 16:00:00,short,0.8121,0.8146268417996252,0.8070463164007498,0.8146268417996252,loss,-1.0,25.268417996251458,49,NZDCAD
2025-01-17 05:00:00,short,0.80527,0.8091067548537476,0.7975964902925049,0.8091067548537476,loss,-1.0,38.3675485374757,72,NZDCAD
2025-06-12 01:00:00,long,0.82437,0.8207573600603579,0.8315952798792843,0.8207573600603579,loss,-1.0,36.12639939642115,93,NZDCAD
2025-08-19 13:00:00,short,0.81856,0.8210088911531725,0.8136622176936548,0.8136622176936548,win,2.0,24.488911531725943,52,NZDCAD
2025-09-01 02:30:00,short,0.81166,0.8143246129851344,0.8063307740297314,0.8063307740297314,win,2.0,26.64612985134318,117,NZDCAD
2025-10-20 14:45:00,short,0.80589,0.8088706780965824,0.7999286438068351,0.80343,timeout,0.8253155558195289,29.80678096582423,200,NZDCAD
2025-12-31 06:30:00,short,0.79012,0.7925544069856566,0.7852511860286869,0.7925544069856566,loss,-1.0,24.344069856565564,126,NZDCAD
2026-01-05 03:00:00,short,0.79186,0.7948543694940626,0.7858712610118748,0.7948543694940626,loss,-1.0,29.94369494062621,46,NZDCAD
2026-06-02 13:30:00,long,0.81934,0.8159422359523553,0.8261355280952893,0.8159422359523553,loss,-1.0,33.977640476446915,92,NZDCAD
2026-06-12 14:00:00,long,0.81435,0.8104366151081682,0.8221767697836636,0.81678,timeout,0.6209458223932803,39.133848918317945,200,NZDCAD
2026-08-03 21:30:00,long,0.82405,0.8211523148441655,0.8298453703116688,0.82431,timeout,0.0897267943263375,28.976851558344396,200,NZDCAD
2026-08-06 01:00:00,long,0.82385,0.8212322885376658,0.8290854229246682,0.8212322885376658,loss,-1.0,26.177114623341378,82,NZDCAD
2026-08-07 17:00:00,long,0.82108,0.8184085058772022,0.8264229882455958,0.8184085058772022,loss,-1.0,26.714941227978795,151,NZDCAD
2026-08-20 07:45:00,long,0.82054,0.8173870660662668,0.8268458678674666,0.82568,timeout,1.6302276254529138,31.529339337332818,200,NZDCAD
2026-08-24 21:30:00,long,0.82414,0.8217546769628076,0.8289106460743848,0.82531,timeout,0.49049960183888797,23.853230371924106,200,NZDCAD
2024-02-06 16:00:00,long,109.593,109.24538614772207,110.28822770455587,110.28822770455587,win,2.0,34.761385227793085,137,CADJPY
2024-03-29 02:30:00,long,111.796,111.43471474079881,112.5185705184024,111.718,timeout,-0.21589588286126432,36.128525920119614,200,CADJPY
2024-04-02 07:00:00,long,111.789,111.49826172291776,112.37047655416448,112.352,timeout,1.9364495299693445,29.073827708224087,200,CADJPY
2024-04-05 00:15:00,long,111.516,111.11987009483609,112.30825981032784,111.11987009483609,loss,-1.0,39.61299051639173,54,CADJPY
2024-04-11 00:30:00,long,111.692,111.25236100257781,112.57127799484435,111.25236100257781,loss,-1.0,43.963899742217905,144,CADJPY
2024-05-13 06:45:00,long,113.902,113.55574573078337,114.59450853843326,114.59450853843326,win,2.0,34.62542692166295,119,CADJPY
2024-05-15 15:45:00,long,113.867,113.4295762810527,114.7418474378946,113.4295762810527,loss,-1.0,43.74237189473007,29,CADJPY
2025-01-30 04:15:00,short,107.202,107.87522700048945,105.8555459990211,105.8555459990211,win,2.0,67.32270004894474,65,CADJPY
2025-02-04 02:30:00,short,107.304,108.63560882252176,104.64078235495649,106.169,timeout,0.8523524182203737,133.16088225217584,200,CADJPY
2025-02-10 21:45:00,short,106.163,106.92611072635606,104.63677854728788,106.92611072635606,loss,-1.0,76.31107263560608,103,CADJPY
2025-10-27 07:15:00,long,109.481,109.02431623625324,110.3943675274935,109.02431623625324,loss,-1.0,45.66837637467529,69,CADJPY
2025-12-01 08:30:00,long,111.213,110.76872532974595,112.10154934050809,111.552,timeout,0.7630414756847721,44.42746702540461,200,CADJPY
2025-12-30 13:00:00,long,113.983,113.60247875782399,114.74404248435204,114.099,timeout,0.3048450050689734,38.0521242176016,200,CADJPY
2026-03-16 08:00:00,long,116.252,115.83518970287754,117.0856205942449,115.83518970287754,loss,-1.0,41.68102971224528,125,CADJPY
2026-04-15 00:00:00,long,115.387,115.07033966662961,116.02032066674079,116.02032066674079,win,2.0,31.666033337039323,151,CADJPY
2026-04-20 00:45:00,long,116.101,115.62020093486939,117.06259813026122,116.659,timeout,1.1605679804065834,48.07990651306113,200,CADJPY
2026-07-28 02:45:00,long,115.971,115.73348244626267,116.44603510747467,116.44603510747467,win,2.0,23.751755373733374,162,CADJPY
2023-12-01 08:45:00,short,0.64591,0.6485709166173147,0.6405881667653706,0.6485709166173147,loss,-1.0,26.609166173147123,24,CADCHF
2023-12-06 07:15:00,short,0.64443,0.6470351784087662,0.6392196431824674,0.64416,timeout,0.10363973503367642,26.051784087662842,200,CADCHF
2024-01-05 07:00:00,short,0.63707,0.6398623312490332,0.6314853375019336,0.6398623312490332,loss,-1.0,27.923312490332197,26,CADCHF
2024-01-10 07:30:00,short,0.63644,0.6387500224788578,0.6318199550422844,0.6387500224788578,loss,-1.0,23.100224788578092,200,CADCHF
2024-04-11 07:30:00,long,0.66804,0.6660897691096952,0.6719404617806095,0.6660897691096952,loss,-1.0,19.502308903047716,18,CADCHF
2024-08-20 13:30:00,short,0.62979,0.6323064056133619,0.624757188773276,0.62571,timeout,1.621360236336862,25.164056133619717,200,CADCHF
2024-08-23 14:30:00,short,0.6284,0.6304424532148399,0.62431509357032,0.62644,timeout,0.9596303042630638,20.424532148399788,200,CADCHF
2024-09-30 19:00:00,short,0.62605,0.6289696153552589,0.6202107692894823,0.6289696153552589,loss,-1.0,29.196153552588644,159,CADCHF
2024-12-09 13:15:00,short,0.62311,0.6255393375256246,0.6182513249487509,0.6255393375256246,loss,-1.0,24.293375256245753,199,CADCHF
2025-04-17 09:30:00,short,0.58832,0.5933679003378178,0.5782241993243642,0.5933679003378178,loss,-1.0,50.47900337817879,27,CADCHF
2025-04-17 16:30:00,short,0.59271,0.5977148469594421,0.5827003060811157,0.5827003060811157,win,2.0,50.04846959442144,194,CADCHF
2025-04-30 13:30:00,short,0.59499,0.5983164593333337,0.5883370813333327,0.5983164593333337,loss,-1.0,33.26459333333642,25,CADCHF
2025-06-23 14:30:00,short,0.59255,0.5950230472597018,0.5876039054805965,0.5876039054805965,win,2.0,24.73047259701766,96,CADCHF
2025-07-10 13:30:00,short,0.58182,0.5837631607481956,0.5779336785036089,0.58249,timeout,-0.3447990603052874,19.431607481955602,200,CADCHF
2025-09-10 09:15:00,short,0.57551,0.5776547359883202,0.5712205280233595,0.57571,timeout,-0.09325157086431503,21.44735988320212,200,CADCHF
2025-09-25 08:45:00,short,0.57285,0.5744025045353137,0.5697449909293725,0.5744025045353137,loss,-1.0,15.525045353137479,15,CADCHF
2026-01-22 14:30:00,short,0.57359,0.5758047290471998,0.5691605419056005,0.5691605419056005,win,2.0,22.147290471997703,123,CADCHF
2026-01-26 15:15:00,short,0.56605,0.5690014344478088,0.5601471311043825,0.5601471311043825,win,2.0,29.51434447808765,121,CADCHF
2026-02-05 15:00:00,short,0.56723,0.5693208701830282,0.5630482596339436,0.5693208701830282,loss,-1.0,20.90870183028226,89,CADCHF
2026-02-12 07:45:00,short,0.56782,0.5703174448048772,0.5628251103902455,0.56506,timeout,1.105129528632628,24.974448048772356,200,CADCHF
2026-02-16 11:00:00,short,0.56521,0.5673122501468059,0.5610054997063882,0.56448,timeout,0.3472469730156325,21.022501468058728,200,CADCHF
2026-02-25 07:15:00,short,0.56499,0.566591359953085,0.56178728009383,0.566591359953085,loss,-1.0,16.013599530849685,113,CADCHF
2026-02-26 15:00:00,short,0.56501,0.5667435138103877,0.5615429723792247,0.5615429723792247,win,2.0,17.335138103876655,124,CADCHF
2026-04-16 14:30:00,short,0.57096,0.5726441829179739,0.5675916341640522,0.5726441829179739,loss,-1.0,16.841829179738976,63,CADCHF
2026-06-02 07:45:00,short,0.56716,0.5689977688375984,0.5634844623248031,0.5689977688375984,loss,-1.0,18.377688375984523,34,CADCHF
2026-06-29 10:00:00,short,0.56976,0.5712149284966178,0.5668501430067645,0.57001,timeout,-0.17182975010877882,14.549284966177689,200,CADCHF
2026-07-01 18:15:00,short,0.56921,0.5706981568682998,0.5662336862634003,0.5662336862634003,win,2.0,14.881568682998392,73,CADCHF
2026-09-02 09:00:00,long,0.58475,0.5832288523108871,0.5877922953782259,0.58603,timeout,0.8414699040475803,15.211476891129339,200,CADCHF
2026-09-06 21:30:00,long,0.58494,0.5829778250631771,0.5888643498736459,0.58701,timeout,1.0549518094200439,19.621749368229356,200,CADCHF
2023-11-13 15:00:00,long,168.074,167.444120618105,169.33375876379006,169.33375876379006,win,2.0,62.9879381895023,25,CHFJPY
2023-11-27 07:30:00,long,169.13,168.50074454691588,170.38851090616822,168.50074454691588,loss,-1.0,62.9255453084113,66,CHFJPY
2024-01-30 07:30:00,long,170.952,170.2869781608779,172.28204367824418,170.2869781608779,loss,-1.0,66.50218391220903,130,CHFJPY
2024-02-01 06:00:00,long,170.099,169.31414715317652,171.66870569364693,171.186,timeout,1.384972997676478,78.4852846823469,200,CHFJPY
2024-02-06 14:30:00,long,170.087,169.51413676275246,171.23272647449505,169.51413676275246,loss,-1.0,57.286323724753174,84,CHFJPY
2024-04-23 06:45:00,long,169.53,169.0533108614101,170.4833782771798,170.4833782771798,win,2.0,47.668913858990436,191,CHFJPY
2024-06-28 08:45:00,long,178.89,178.39111071921275,179.88777856157446,178.39111071921275,loss,-1.0,49.88892807872389,13,CHFJPY
2024-06-28 12:30:00,long,178.481,177.9804292899844,179.4821414200312,178.638,timeout,0.31364200273546794,50.05707100156087,200,CHFJPY
2024-07-05 00:45:00,long,179.009,178.5092073031934,180.00858539361317,179.161,timeout,0.30412609262042706,49.9792696806594,200,CHFJPY
2024-10-30 05:45:00,long,176.691,176.09884404455505,177.8753119108899,176.09884404455505,loss,-1.0,59.21559554449516,100,CHFJPY
2024-11-21 05:30:00,long,175.75,174.9510964119641,177.3478071760718,174.9510964119641,loss,-1.0,79.89035880358983,12,CHFJPY
2024-12-30 07:30:00,long,175.031,174.45507380596095,176.18285238807812,174.45507380596095,loss,-1.0,57.59261940390559,21,CHFJPY
2025-01-09 02:15:00,long,173.594,172.95823614080433,174.86552771839132,172.95823614080433,loss,-1.0,63.57638591956629,40,CHFJPY
2025-01-09 13:00:00,long,173.057,172.3912973679819,174.38840526403615,172.3912973679819,loss,-1.0,66.57026320180819,103,CHFJPY
2025-02-10 08:30:00,short,167.443,168.43392319603316,165.4611536079337,168.43392319603316,loss,-1.0,99.0923196033151,189,CHFJPY
2025-02-21 04:00:00,short,167.23,168.110785835336,165.46842832932796,166.847,timeout,0.43483896383718496,88.07858353360132,200,CHFJPY
2025-03-11 00:30:00,short,166.868,167.8295797761573,164.9448404476854,167.8295797761573,loss,-1.0,96.15797761572935,49,CHFJPY
2025-04-29 05:00:00,long,172.891,172.1010950507142,174.47080989857156,174.47080989857156,win,2.0,78.99049492857841,198,CHFJPY
2025-05-05 13:00:00,long,174.587,173.66592671174945,176.42914657650107,173.66592671174945,loss,-1.0,92.10732882505397,77,CHFJPY
2025-06-12 00:45:00,long,176.156,175.5413619989042,177.38527600219163,177.38527600219163,win,2.0,61.46380010958126,93,CHFJPY
2025-06-30 05:00:00,long,180.375,179.54167076645854,182.04165846708293,181.537,timeout,1.394406860133499,83.33292335414626,200,CHFJPY
2025-07-03 12:30:00,long,181.91,180.95324214584068,183.82351570831864,183.063,timeout,1.205111612084025,95.67578541593207,200,CHFJPY
2025-07-17 15:15:00,long,184.558,183.8147912936677,186.0444174126646,184.511,timeout,-0.06323930223037892,74.32087063322967,200,CHFJPY
2025-07-24 08:45:00,long,184.569,183.62923565965386,186.44852868069225,185.26,timeout,0.7352907216563422,93.97643403461302,200,CHFJPY
2025-07-29 00:15:00,long,184.885,184.10486878381732,186.44526243236533,184.10486878381732,loss,-1.0,78.01312161826672,48,CHFJPY
2025-09-10 03:45:00,long,184.826,184.16316228775594,186.1516754244881,185.054,timeout,0.3439756003443261,66.28377122440554,200,CHFJPY
2025-09-15 13:30:00,long,185.279,184.80121306172168,186.23457387655662,186.23457387655662,win,2.0,47.778693827831376,111,CHFJPY
2025-09-29 07:00:00,long,186.85,186.3530259199544,187.84394816009117,186.3530259199544,loss,-1.0,49.69740800455895,16,CHFJPY
2025-09-30 00:45:00,long,186.466,185.91478400592234,187.56843198815534,185.91478400592234,loss,-1.0,55.12159940776655,19,CHFJPY
2025-10-01 00:30:00,long,185.995,185.38409321708352,187.21681356583298,185.38409321708352,loss,-1.0,61.090678291648715,23,CHFJPY
2025-10-21 05:00:00,long,190.706,190.00386412412428,192.1102717517514,191.292,timeout,0.8345962941562373,70.21358758757117,200,CHFJPY
2025-10-28 02:00:00,long,191.902,191.323801643211,193.05839671357796,191.323801643211,loss,-1.0,57.81983567889881,13,CHFJPY
2025-11-28 02:30:00,long,194.071,193.46498691961625,195.2830261607675,193.46498691961625,loss,-1.0,60.60130803837467,96,CHFJPY
2026-01-26 00:45:00,long,199.177,197.77115226090962,201.98869547818074,197.77115226090962,loss,-1.0,140.5847739090376,28,CHFJPY
2026-01-28 15:00:00,long,199.208,197.92935398131067,201.76529203737866,200.122,timeout,0.7148186336488245,127.86460186893294,200,CHFJPY
2026-02-06 05:00:00,long,201.722,200.98692770144882,203.19214459710238,203.19214459710238,win,2.0,73.5072298551188,139,CHFJPY
2026-02-12 10:00:00,long,199.13,197.82920480597014,201.73159038805971,199.152,timeout,0.01691273161291089,130.07951940298597,200,CHFJPY
2026-02-20 13:30:00,long,200.069,199.21629726157184,201.7744054768563,201.321,timeout,1.4682725216854755,85.27027384281496,200,CHFJPY
2026-02-26 03:30:00,long,201.929,201.10353465012537,203.57993069974927,203.57993069974927,win,2.0,82.54653498746336,177,CHFJPY
2026-03-04 00:30:00,long,201.58,200.49649558526,203.74700882948005,201.784,timeout,0.18827795920787999,108.35044147400197,200,CHFJPY
2026-03-12 08:30:00,long,203.108,202.45669144921794,204.41061710156413,202.45669144921794,loss,-1.0,65.1308550782062,86,CHFJPY
2026-03-16 00:00:00,long,201.984,201.2719720871366,203.40805582572685,201.2719720871366,loss,-1.0,71.20279128634195,28,CHFJPY
2026-03-16 15:45:00,long,201.949,201.15428906233498,203.53842187533007,201.752,timeout,-0.24788887463763332,79.47109376650303,200,CHFJPY
2026-05-26 04:00:00,long,203.002,202.424130410894,204.157739178212,202.424130410894,loss,-1.0,57.786958910600106,182,CHFJPY
